2026-02-04 03:11:02.920147	https://www.encodeproject.org/cart-report/?type=Experiment&cart=%2Fcarts%2Fc3a4ad2c-3f3a-47e2-8386-13b3f7355ae5%2F&limit=all
ID	Accession	Assay name	Assay title	Biosample classification	Target	Target of assay	Target gene symbol	Biosample summary	Biosample term name	Dbxrefs	Description	Lab	Project	Status	Files	Related series	Biosample accession	Biological replicate	Technical replicate	Linked antibody	Organism	Life stage	Biosample age	Biosample treatment	Biosample treatment ontology ID	Biosample treatment amount	Biosample treatment amount units	Biosample treatment duration	Biosample treatment duration units	Synchronization	Post-synchronization time	Post-synchronization time units	Biosample modification site target organism	Biosample modification site introduced gene organism	Replicates	Mixed biosamples	Cellular component	Library construction platform	Library construction method
/experiments/ENCSR882DWM/	ENCSR882DWM	PRO-cap	PRO-cap	cell line				Homo sapiens K562	K562	GEO:GSE219876	CoPRO experiment. A run-on assay was performed on captured nascent RNA with cap state selection. In this experiment, only uncapped nascent RNA was selected and no PCR amplification was done.	John Lis, Cornell	ENCODE	released	/files/ENCFF205UGN/,/files/ENCFF954QNJ/,/files/ENCFF532SFL/,/files/ENCFF976ULY/,/files/ENCFF632DZT/,/files/ENCFF621JPG/,/files/ENCFF360VES/,/files/ENCFF822LXU/,/files/ENCFF840WSP/,/files/ENCFF206PZL/,/files/ENCFF962KPZ/,/files/ENCFF181ZCW/,/files/ENCFF102ASX/,/files/ENCFF961QFC/,/files/ENCFF282ICT/,/files/ENCFF892MBZ/,/files/ENCFF745CSK/,/files/ENCFF809FNB/,/files/ENCFF620GJD/,/files/ENCFF650OXQ/,/files/ENCFF191LBI/,/files/ENCFF313UWT/,/files/ENCFF970BJP/,/files/ENCFF681WCY/,/files/ENCFF754VDR/,/files/ENCFF902VME/		ENCBS154MMU,ENCBS800REP	1,2	2,1		Homo sapiens	adult	53 years												/replicates/69ba3ad4-344d-4007-a43a-164d9f559062/,/replicates/0f35d73c-c543-4979-b18b-446efbd1b0a6/,/replicates/64a92fdb-74aa-4676-9cfc-531c0b442d16/,/replicates/9c919f53-7b57-43bc-94aa-f917bbe6e53b/				uncapped RNA enrichment,PCR-free
/experiments/ENCSR114HGS/	ENCSR114HGS	PRO-cap	PRO-cap	cell line				Homo sapiens K562	K562	GEO:GSE219473	CoPRO experiment. A run-on assay was performed on captured nascent RNA with cap state selection. In this experiment, only uncapped nascent RNA was selected and PCR amplification was performed before sequencing.	John Lis, Cornell	ENCODE	released	/files/ENCFF563EZP/,/files/ENCFF565NGO/,/files/ENCFF078MTO/,/files/ENCFF881BIR/,/files/ENCFF067GQB/,/files/ENCFF262GRS/,/files/ENCFF036BBX/,/files/ENCFF435IQD/,/files/ENCFF085GRM/,/files/ENCFF413ZSC/,/files/ENCFF755OQZ/,/files/ENCFF529MUW/,/files/ENCFF428RUF/,/files/ENCFF507WDG/		ENCBS687QFM,ENCBS742LPB	1,2	1		Homo sapiens	adult	53 years												/replicates/61c90304-ee1a-41f5-98d4-13e75ea27209/,/replicates/f1fa49e6-9737-4b1b-ba66-1ede1d03d313/				uncapped RNA enrichment
/experiments/ENCSR165QKR/	ENCSR165QKR	PRO-cap	PRO-cap	cell line				Homo sapiens HCT116 genetically modified (insertion) using CRISPR inserting O. sativa LOC4335696, (insertion) using CRISPR targeting H. sapiens CTCF	HCT116	GEO:GSE219542	A run-on assay that precisely maps the transcription start sites genome-wide with high sensitivity and specificity in CTCF_U.	Haiyuan Yu, Cornell	ENCODE	released	/files/ENCFF443JEG/,/files/ENCFF624LJO/,/files/ENCFF602SVL/,/files/ENCFF857ZBB/,/files/ENCFF839FZC/,/files/ENCFF945BDU/,/files/ENCFF384ABU/,/files/ENCFF299YUJ/,/files/ENCFF116OZK/,/files/ENCFF828GNJ/,/files/ENCFF266IRD/,/files/ENCFF209TJK/,/files/ENCFF939MZP/,/files/ENCFF708AMJ/,/files/ENCFF750ZHR/,/files/ENCFF999LUU/,/files/ENCFF614GIJ/,/files/ENCFF891HUX/,/files/ENCFF440UVY/,/files/ENCFF103FBH/,/files/ENCFF078CJH/,/files/ENCFF907PJM/,/files/ENCFF627FNF/,/files/ENCFF880BHG/,/files/ENCFF966AHK/	/gene-silencing-series/ENCSR457BIQ/	ENCBS440YTE,ENCBS596YYF	1,2	1		Homo sapiens	adult	48 years										/organisms/human/	/organisms/rice/	/replicates/85f224cf-662c-422f-9f4c-fcc98a5748ab/,/replicates/e599b54d-9bc4-4cb7-866c-f74f38d43ffb/				capped RNA enrichment
/experiments/ENCSR197JLW/	ENCSR197JLW	PRO-cap	PRO-cap	cell line				Homo sapiens HCT116 genetically modified (insertion) using CRISPR inserting O. sativa LOC4335696, (insertion) using CRISPR targeting H. sapiens POLR2A treated with 1 μM 5-Phenyl-1H-indole-3-acetic acid for 6 hours	HCT116	GEO:GSE219569	A run-on assay that precisely maps the transcription start sites genome-wide with high sensitivity and specificity in POLR2A_T.	Haiyuan Yu, Cornell	ENCODE	released	/files/ENCFF254NZI/,/files/ENCFF982HII/,/files/ENCFF546OUD/,/files/ENCFF639FYO/,/files/ENCFF312VVC/,/files/ENCFF918XMT/,/files/ENCFF184SUA/,/files/ENCFF671MYW/,/files/ENCFF804LEU/,/files/ENCFF189OJB/,/files/ENCFF490PPB/,/files/ENCFF307DME/,/files/ENCFF078VNV/,/files/ENCFF949YOI/,/files/ENCFF845FEM/,/files/ENCFF258GQP/,/files/ENCFF531ZRV/,/files/ENCFF645BXF/,/files/ENCFF678VYA/,/files/ENCFF236NNV/,/files/ENCFF870YWE/,/files/ENCFF301JHR/,/files/ENCFF094YRK/,/files/ENCFF485BJW/,/files/ENCFF036TCL/	/gene-silencing-series/ENCSR044ADB/	ENCBS486IFU,ENCBS275ZVJ	1,2	1		Homo sapiens	adult	48 years	5-Phenyl-1H-indole-3-acetic acid		1	μM	6	hour				/organisms/human/	/organisms/rice/	/replicates/4e9d599f-bf51-4101-a548-15aebcbbbbbb/,/replicates/591e74a8-5e9b-45bf-b86e-6c14dbab908b/				capped RNA enrichment
/experiments/ENCSR100EDZ/	ENCSR100EDZ	PRO-cap	PRO-cap	cell line				Homo sapiens HCT116 genetically modified (insertion) using CRISPR inserting O. sativa LOC4335696, (insertion) using CRISPR targeting H. sapiens RAD21 treated with 1 μM 5-Phenyl-1H-indole-3-acetic acid for 6 hours	HCT116	GEO:GSE219458	A run-on assay that precisely maps the transcription start sites genome-wide with high sensitivity and specificity in RAD21_T.	Haiyuan Yu, Cornell	ENCODE	released	/files/ENCFF518CRB/,/files/ENCFF898RKW/,/files/ENCFF293YVT/,/files/ENCFF757OIK/,/files/ENCFF907QQO/,/files/ENCFF046ETC/,/files/ENCFF388WBW/,/files/ENCFF660SRG/,/files/ENCFF805IDF/,/files/ENCFF695JZS/,/files/ENCFF160HLR/,/files/ENCFF439XYJ/,/files/ENCFF017DIL/,/files/ENCFF022MHC/,/files/ENCFF691KCD/,/files/ENCFF733VFI/,/files/ENCFF220AYM/,/files/ENCFF338NPQ/,/files/ENCFF479ISE/,/files/ENCFF811NQO/,/files/ENCFF331NCH/,/files/ENCFF482VJL/,/files/ENCFF188VWY/,/files/ENCFF465MDE/,/files/ENCFF132OKL/	/gene-silencing-series/ENCSR325HIL/	ENCBS364ERK,ENCBS257FWX	1,2	1		Homo sapiens	adult	48 years	5-Phenyl-1H-indole-3-acetic acid		1	μM	6	hour				/organisms/human/	/organisms/rice/	/replicates/d90305f8-380c-4c06-8647-da58897ae87c/,/replicates/9cd6c0ab-68e1-4ad1-9c6d-c3488fdc7ee3/				capped RNA enrichment
/experiments/ENCSR273ORE/	ENCSR273ORE	PRO-cap	PRO-cap	cell line				Homo sapiens HCT116 genetically modified (insertion) using CRISPR inserting O. sativa LOC4335696, (insertion) using CRISPR targeting H. sapiens BRD4 treated with 1 μM 5-Phenyl-1H-indole-3-acetic acid for 6 hours	HCT116	GEO:GSE219979	A run-on assay that precisely maps the transcription start sites genome-wide with high sensitivity and specificity in BRD4_T.	Haiyuan Yu, Cornell	ENCODE	released	/files/ENCFF144VWM/,/files/ENCFF159LJY/,/files/ENCFF732UYK/,/files/ENCFF542YNE/,/files/ENCFF118XBZ/,/files/ENCFF230WVH/,/files/ENCFF232XZJ/,/files/ENCFF585QVD/,/files/ENCFF669PQC/,/files/ENCFF186WAK/,/files/ENCFF654RIW/,/files/ENCFF058QTK/,/files/ENCFF560ALK/,/files/ENCFF188DLE/,/files/ENCFF439OOD/,/files/ENCFF905GGL/,/files/ENCFF034ZMW/,/files/ENCFF192ULK/,/files/ENCFF903ERZ/,/files/ENCFF230CJC/,/files/ENCFF877KYO/,/files/ENCFF641FTA/,/files/ENCFF483XCM/,/files/ENCFF530QJZ/,/files/ENCFF596ECN/	/gene-silencing-series/ENCSR339WVN/	ENCBS191ARH,ENCBS745VSI	1,2	1		Homo sapiens	adult	48 years	5-Phenyl-1H-indole-3-acetic acid		1	μM	6	hour				/organisms/human/	/organisms/rice/	/replicates/c0aaff3f-1a56-4c82-8429-da998f6eeedb/,/replicates/ca4f36f3-6992-4b2b-920d-5e225d7e8163/				capped RNA enrichment
/experiments/ENCSR124RWD/	ENCSR124RWD	PRO-cap	PRO-cap	tissue				Homo sapiens right ventricle myocardium tissue male adult (37 years)	right ventricle myocardium		A run-on assay that precisely maps the transcription start sites genome-wide with high sensitivity and specificity in Right ventricle myocardium superior of heart.	Haiyuan Yu, Cornell	ENCODE	released	/files/ENCFF133QAW/,/files/ENCFF568TFN/,/files/ENCFF959MYF/,/files/ENCFF356SUC/,/files/ENCFF389RTU/,/files/ENCFF413AWE/,/files/ENCFF872TTZ/,/files/ENCFF158PXT/,/files/ENCFF314ZHC/,/files/ENCFF852FHG/,/files/ENCFF162LRX/,/files/ENCFF868VIN/,/files/ENCFF933IAZ/,/files/ENCFF520SBM/,/files/ENCFF222UYK/,/files/ENCFF524JBL/,/files/ENCFF732RKX/,/files/ENCFF135QDD/		ENCBS251FET	1	1,2		Homo sapiens	adult	37 years												/replicates/23a5a5b5-a5df-4718-88ad-f482bc1366c2/,/replicates/1f3e899a-ea73-43a5-aca9-06f1f0018a81/				capped RNA enrichment
/experiments/ENCSR178XKL/	ENCSR178XKL	PRO-cap	PRO-cap	cell line				Homo sapiens WTC11	WTC11		A run-on assay that precisely maps the transcription start sites genome-wide with high sensitivity and specificity in WTC11.	Haiyuan Yu, Cornell	ENCODE	released	/files/ENCFF205KBY/,/files/ENCFF731FLR/,/files/ENCFF807EFC/,/files/ENCFF247NEY/,/files/ENCFF781QJN/,/files/ENCFF230HMJ/,/files/ENCFF256JNJ/,/files/ENCFF007XHU/,/files/ENCFF560TMU/,/files/ENCFF272UUG/,/files/ENCFF711AHJ/,/files/ENCFF594IAE/,/files/ENCFF779SGG/,/files/ENCFF873MGP/,/files/ENCFF082LPP/,/files/ENCFF503QKH/,/files/ENCFF465TLX/,/files/ENCFF146MZF/,/files/ENCFF573PTU/,/files/ENCFF574OME/,/files/ENCFF856UJR/,/files/ENCFF147RSN/,/files/ENCFF393EAO/,/files/ENCFF007OAY/,/files/ENCFF743WBL/,/files/ENCFF847SPM/,/files/ENCFF545EDQ/,/files/ENCFF496HVY/,/files/ENCFF679AYV/,/files/ENCFF665CWV/,/files/ENCFF107OAK/,/files/ENCFF082DRL/,/files/ENCFF813TZR/,/files/ENCFF187HGX/,/files/ENCFF927UKV/,/files/ENCFF525LEP/		ENCBS726FSK,ENCBS001RRL	1,2	1,2		Homo sapiens	adult	30 years												/replicates/9907b044-6e5a-45dd-94ea-e0b13a694b81/,/replicates/286339a9-7d50-4464-8317-d54382587abd/,/replicates/990cf629-30ef-4162-a2be-0f739dc45982/,/replicates/1a4f0635-8122-484e-84b7-29f08c31de62/				capped RNA enrichment
/experiments/ENCSR720EXP/	ENCSR720EXP	PRO-cap	PRO-cap	tissue				Homo sapiens Metastatic Liver Carcinoma in the Lung tissue female adult (62 years)	Metastatic Liver Carcinoma in the Lung		A run-on assay that precisely maps the transcription start sites genome-wide with high sensitivity and specificity in Metastatic liver cancer to lung.	Haiyuan Yu, Cornell	ENCODE	released	/files/ENCFF484SSC/,/files/ENCFF938DCO/,/files/ENCFF834UWV/,/files/ENCFF296ABY/,/files/ENCFF436KTP/,/files/ENCFF560UXJ/,/files/ENCFF206ZRD/,/files/ENCFF159JCJ/,/files/ENCFF210EHX/		ENCBS902GNN	1	1		Homo sapiens	adult	62 years												/replicates/627b4903-ecde-4250-aa49-8523d53800b5/				capped RNA enrichment
/experiments/ENCSR753TEA/	ENCSR753TEA	PRO-cap	PRO-cap	tissue				Homo sapiens liver tissue	liver		A run-on assay that precisely maps the transcription start sites genome-wide with high sensitivity and specificity in Liver.	Haiyuan Yu, Cornell	ENCODE	released	/files/ENCFF531QLO/,/files/ENCFF073YZP/,/files/ENCFF077UMG/,/files/ENCFF782NND/,/files/ENCFF530CWG/,/files/ENCFF898WWI/,/files/ENCFF643VRF/,/files/ENCFF802TGI/,/files/ENCFF818DVF/		ENCBS140ZZJ	1	1		Homo sapiens	unknown													/replicates/0e103356-7eec-4dda-94b3-c0418c8bdaea/				capped RNA enrichment
/experiments/ENCSR961UBB/	ENCSR961UBB	PRO-cap	PRO-cap	tissue				Homo sapiens heart left ventricle tissue female adult (59 years)	heart left ventricle		A run-on assay that precisely maps the transcription start sites genome-wide with high sensitivity and specificity in Left ventricle of heart.	Haiyuan Yu, Cornell	ENCODE	released	/files/ENCFF196WYZ/,/files/ENCFF522QSY/,/files/ENCFF970ARJ/,/files/ENCFF737ZWY/,/files/ENCFF528GZT/,/files/ENCFF003PRE/,/files/ENCFF965YSB/,/files/ENCFF916LRK/,/files/ENCFF809YUN/,/files/ENCFF782ZJO/,/files/ENCFF968VZF/,/files/ENCFF655LBA/,/files/ENCFF125EBR/,/files/ENCFF652SOY/,/files/ENCFF367UXU/,/files/ENCFF131FTI/,/files/ENCFF889UHG/,/files/ENCFF260LBG/		ENCBS551JNW	1	1,2		Homo sapiens	adult	59 years												/replicates/56e1530b-f527-4e7e-b9a4-7b22c0f9ad38/,/replicates/18da86ee-5e71-4b64-b12b-f49c8f3ee76b/				capped RNA enrichment
/experiments/ENCSR796JNK/	ENCSR796JNK	PRO-cap	PRO-cap	cell line				Homo sapiens LUHMES	LUHMES		A run-on assay that precisely maps the transcription start sites genome-wide with high sensitivity and specificity in Mesencephalic neuronal cell line.	Haiyuan Yu, Cornell	ENCODE	released	/files/ENCFF479DPK/,/files/ENCFF059NFA/,/files/ENCFF573XVT/,/files/ENCFF738KBJ/,/files/ENCFF414GZW/,/files/ENCFF239QXE/,/files/ENCFF873IGN/,/files/ENCFF656MTB/,/files/ENCFF354QUW/,/files/ENCFF959MFT/,/files/ENCFF028JYM/,/files/ENCFF047KUB/,/files/ENCFF005ANN/,/files/ENCFF656VQQ/,/files/ENCFF276GVF/		ENCBS759ILQ,ENCBS533EME	1,2	1		Homo sapiens	fetal	8 weeks												/replicates/79126c92-8618-48c1-88f0-0b5286d6469b/,/replicates/3141636f-2590-464c-8788-dd0a4728acb3/				capped RNA enrichment
/experiments/ENCSR784YIV/	ENCSR784YIV	PRO-cap	PRO-cap	tissue				Homo sapiens colonic mucosa tissue female adult (41 years)	colonic mucosa		A run-on assay that precisely maps the transcription start sites genome-wide with high sensitivity and specificity in Colonic mucosa.	Haiyuan Yu, Cornell	ENCODE	released	/files/ENCFF135VSS/,/files/ENCFF677UQG/,/files/ENCFF804JSS/,/files/ENCFF442IBU/,/files/ENCFF128FKP/,/files/ENCFF368DWC/,/files/ENCFF940DPK/,/files/ENCFF690SAO/,/files/ENCFF670TWL/,/files/ENCFF583RWN/,/files/ENCFF664GUU/,/files/ENCFF135RXP/,/files/ENCFF281JZE/,/files/ENCFF641BHY/,/files/ENCFF917MYT/,/files/ENCFF217QAF/,/files/ENCFF997PVK/,/files/ENCFF745WCW/		ENCBS015EAO	1	2,1		Homo sapiens	adult	41 years												/replicates/f2f15647-fcee-4491-a10d-2a43ff83f8ca/,/replicates/7d7b1995-3dea-4597-bb7b-e39e2a164d12/				capped RNA enrichment
/experiments/ENCSR478DAN/	ENCSR478DAN	PRO-cap	PRO-cap	tissue				Homo sapiens upper lobe of left lung tissue female adult (61 years)	upper lobe of left lung		A run-on assay that precisely maps the transcription start sites genome-wide with high sensitivity and specificity in Upper lobe of left lung.	Haiyuan Yu, Cornell	ENCODE	released	/files/ENCFF069JKZ/,/files/ENCFF947KAG/,/files/ENCFF865ZEO/,/files/ENCFF480SOY/,/files/ENCFF810FBS/,/files/ENCFF728HUH/,/files/ENCFF572VDJ/,/files/ENCFF560KJY/,/files/ENCFF453VFK/,/files/ENCFF699TDW/,/files/ENCFF457QUY/,/files/ENCFF440SLB/,/files/ENCFF781MJM/,/files/ENCFF835BYO/,/files/ENCFF423VFN/,/files/ENCFF639TIL/,/files/ENCFF695EAA/,/files/ENCFF765CWC/		ENCBS559YGN	1	2,1		Homo sapiens	adult	61 years												/replicates/8a823975-e30e-4dfe-af51-c313c140cf2b/,/replicates/acc6bc5c-312a-499d-b6a8-c3e35e53456b/				capped RNA enrichment
/experiments/ENCSR666GXV/	ENCSR666GXV	PRO-cap	PRO-cap	tissue				Homo sapiens Colon Carcinoma Metastatic in the Lung tissue female adult (73 years)	Colon Carcinoma Metastatic in the Lung		A run-on assay that precisely maps the transcription start sites genome-wide with high sensitivity and specificity in Metastatic colon cancer to lung.	Haiyuan Yu, Cornell	ENCODE	released	/files/ENCFF987AVM/,/files/ENCFF370KAV/,/files/ENCFF151BUK/,/files/ENCFF639HUO/,/files/ENCFF778MOH/,/files/ENCFF353XVZ/,/files/ENCFF304LFN/,/files/ENCFF051BTI/,/files/ENCFF606VQI/		ENCBS575SCX	1	1		Homo sapiens	adult	73 years												/replicates/17f04018-3752-408e-bbb2-73f5573ddfc7/				capped RNA enrichment
/experiments/ENCSR520PUD/	ENCSR520PUD	PRO-cap	PRO-cap	cell line				Homo sapiens HEK293	HEK293		A run-on assay that precisely maps the transcription start sites genome-wide with high sensitivity and specificity in Embryonic kidney cell line.	Haiyuan Yu, Cornell	ENCODE	released	/files/ENCFF439IEP/,/files/ENCFF278HBY/,/files/ENCFF438MBM/,/files/ENCFF811AMY/,/files/ENCFF953RBC/,/files/ENCFF474ORL/,/files/ENCFF504ANB/,/files/ENCFF417EAH/,/files/ENCFF305ZQS/,/files/ENCFF757CGN/,/files/ENCFF762BKL/,/files/ENCFF367WUV/,/files/ENCFF243HMV/,/files/ENCFF530NVY/,/files/ENCFF387QZO/		ENCBS581ZSV	1	1,2		Homo sapiens	embryonic													/replicates/3a02e9b6-1307-46d2-92c5-38782cddf3e9/,/replicates/930aaf7d-94ae-4239-9d26-a1b13c9cc907/				capped RNA enrichment
/experiments/ENCSR417NJC/	ENCSR417NJC	PRO-cap	PRO-cap	tissue				Homo sapiens spleen tissue female adult (53 years)	spleen		A run-on assay that precisely maps the transcription start sites genome-wide with high sensitivity and specificity in Spleen.	Haiyuan Yu, Cornell	ENCODE	released	/files/ENCFF040HGZ/,/files/ENCFF436GHF/,/files/ENCFF756ORL/,/files/ENCFF216HPM/,/files/ENCFF587ONL/,/files/ENCFF406WNY/,/files/ENCFF384OWC/,/files/ENCFF747ZLM/,/files/ENCFF909FWJ/,/files/ENCFF527UKF/,/files/ENCFF849WCI/,/files/ENCFF137UCG/,/files/ENCFF158QFB/,/files/ENCFF902OMA/,/files/ENCFF607ASO/,/files/ENCFF815LNX/,/files/ENCFF552GGX/,/files/ENCFF924KKU/		ENCBS208YGD	1	1,2		Homo sapiens	adult	53 years												/replicates/4245a631-0ccb-4fb6-aff9-d54428ee079e/,/replicates/0b20f0d7-f8d5-4302-931b-ebd327d8fcaf/				capped RNA enrichment
/experiments/ENCSR215OJB/	ENCSR215OJB	PRO-cap	PRO-cap	cell line				Homo sapiens GM23338	GM23338		A run-on assay that precisely maps the transcription start sites genome-wide with high sensitivity and specificity in PGP-1 iPSCs via Sendai-viral Yamanaka factors.	Haiyuan Yu, Cornell	ENCODE	released	/files/ENCFF446DFS/,/files/ENCFF163JFP/,/files/ENCFF512NSW/,/files/ENCFF753RUY/,/files/ENCFF924VAI/,/files/ENCFF936YJL/,/files/ENCFF086NGD/,/files/ENCFF719TZD/,/files/ENCFF879TIV/,/files/ENCFF137ACV/,/files/ENCFF783ZAB/,/files/ENCFF710SRL/,/files/ENCFF116KQJ/,/files/ENCFF584TDP/,/files/ENCFF612GKS/,/files/ENCFF907EDQ/,/files/ENCFF132GLO/,/files/ENCFF729RDA/,/files/ENCFF426MUR/,/files/ENCFF556DSS/,/files/ENCFF030IJD/,/files/ENCFF930IUB/,/files/ENCFF159MOF/,/files/ENCFF106GTA/,/files/ENCFF260PDH/,/files/ENCFF105FBQ/,/files/ENCFF636JHJ/		ENCBS229TZS,ENCBS958MLZ	1,2	1,2		Homo sapiens	adult	53 years												/replicates/a0bd263e-74ab-4db8-a595-90deacc97efd/,/replicates/ea56f82d-5e07-41ff-9d1c-0d411a8887b3/,/replicates/3bdf549b-0196-4b26-9b6e-e5d3c4dc7440/,/replicates/ee107fee-6236-42f1-b613-72782f5c3d7d/				capped RNA enrichment
/experiments/ENCSR053UMZ/	ENCSR053UMZ	PRO-cap	PRO-cap	tissue				Homo sapiens cerebellum tissue	cerebellum		A run-on assay that precisely maps the transcription start sites genome-wide with high sensitivity and specificity in Cerebellum.	Haiyuan Yu, Cornell	ENCODE	released	/files/ENCFF739SID/,/files/ENCFF994WZP/,/files/ENCFF435LSZ/,/files/ENCFF977AFE/,/files/ENCFF651MHW/,/files/ENCFF624KRI/,/files/ENCFF712AHC/,/files/ENCFF917ZTH/,/files/ENCFF311FGM/,/files/ENCFF803FRQ/,/files/ENCFF481NYL/,/files/ENCFF358FXS/		ENCBS520EZA	1	1		Homo sapiens	unknown													/replicates/6010a7d1-ebca-43e0-8714-bd1319b0d83b/				capped RNA enrichment
/experiments/ENCSR867EQV/	ENCSR867EQV	PRO-cap	PRO-cap	cell line				Homo sapiens HCT116 genetically modified (insertion) using CRISPR inserting O. sativa LOC4335696, (insertion) using CRISPR targeting H. sapiens SUPT16H treated with 1 μM 5-Phenyl-1H-indole-3-acetic acid for 6 hours	HCT116	GEO:GSE219848	A run-on assay that precisely maps the transcription start sites genome-wide with high sensitivity and specificity in SUPT16H_T.	Haiyuan Yu, Cornell	ENCODE	released	/files/ENCFF946KXE/,/files/ENCFF645WKA/,/files/ENCFF812OSJ/,/files/ENCFF370ERY/,/files/ENCFF868MTN/,/files/ENCFF776BGM/,/files/ENCFF570DWY/,/files/ENCFF964NOU/,/files/ENCFF324HYV/,/files/ENCFF487PCJ/,/files/ENCFF409KOI/,/files/ENCFF698SLY/,/files/ENCFF190ONS/,/files/ENCFF330HGS/,/files/ENCFF439LDP/,/files/ENCFF825CJL/,/files/ENCFF937XDV/,/files/ENCFF490YHU/,/files/ENCFF065MPR/,/files/ENCFF702DZE/,/files/ENCFF177PKJ/,/files/ENCFF464MTI/,/files/ENCFF812OKN/,/files/ENCFF859AWV/,/files/ENCFF699TWO/	/gene-silencing-series/ENCSR597PBK/	ENCBS093CJI,ENCBS081HJW	1,2	1		Homo sapiens	adult	48 years	5-Phenyl-1H-indole-3-acetic acid		1	μM	6	hour				/organisms/human/	/organisms/rice/	/replicates/f8f851ce-81ea-4568-a3fd-6be95129e69c/,/replicates/926389f8-6b46-4158-9c3b-801f9a59e90b/				capped RNA enrichment
/experiments/ENCSR386RDW/	ENCSR386RDW	PRO-cap	PRO-cap	tissue				Homo sapiens subcutaneous adipose tissue tissue female adult (53 years)	subcutaneous adipose tissue		A run-on assay that precisely maps the transcription start sites genome-wide with high sensitivity and specificity in Subcutaneous adipose tissue.	Haiyuan Yu, Cornell	ENCODE	released	/files/ENCFF490DXY/,/files/ENCFF040VCM/,/files/ENCFF147DCH/,/files/ENCFF041UME/,/files/ENCFF599UWW/,/files/ENCFF794EXE/,/files/ENCFF852NPQ/,/files/ENCFF686LYD/,/files/ENCFF729TSN/,/files/ENCFF484OUV/,/files/ENCFF868WSY/,/files/ENCFF570TTV/,/files/ENCFF376QOD/,/files/ENCFF196QVR/,/files/ENCFF740QNR/,/files/ENCFF638VIQ/,/files/ENCFF808UIZ/,/files/ENCFF704CQB/		ENCBS145DYG	1	1,2		Homo sapiens	adult	53 years												/replicates/e21b9186-59e1-4201-9513-b98fdd661a66/,/replicates/ff7cc211-7bbe-4a7c-b93f-8983c209434e/				capped RNA enrichment
/experiments/ENCSR694RPO/	ENCSR694RPO	PRO-cap	PRO-cap	tissue				Homo sapiens right lobe of liver tissue female adult (47 years)	right lobe of liver		A run-on assay that precisely maps the transcription start sites genome-wide with high sensitivity and specificity in Right lobe of liver.	Haiyuan Yu, Cornell	ENCODE	released	/files/ENCFF314VKL/,/files/ENCFF586LQU/,/files/ENCFF312ACJ/,/files/ENCFF289MWE/,/files/ENCFF117MBD/,/files/ENCFF987YMT/,/files/ENCFF658FTG/,/files/ENCFF111QJI/,/files/ENCFF288OYX/,/files/ENCFF589KYQ/,/files/ENCFF636HEH/,/files/ENCFF319LIA/,/files/ENCFF686OLC/,/files/ENCFF295OTJ/,/files/ENCFF719HNX/		ENCBS501SXL	1	1,2		Homo sapiens	adult	47 years												/replicates/c1588855-01a6-4c89-bc9e-bcae21c80f4a/,/replicates/2ea700dc-bcbf-4f49-ac6a-736ae489c20f/				capped RNA enrichment
/experiments/ENCSR248SVP/	ENCSR248SVP	PRO-cap	PRO-cap	in vitro differentiated cells				Homo sapiens osteocyte	osteocyte		A run-on assay that precisely maps the transcription start sites genome-wide with high sensitivity and specificity in H9 derived osteocytes.	Haiyuan Yu, Cornell	ENCODE	released	/files/ENCFF862LQC/,/files/ENCFF347XUC/,/files/ENCFF722MWX/,/files/ENCFF656ZSX/,/files/ENCFF183KLU/,/files/ENCFF514IRE/,/files/ENCFF912TTO/,/files/ENCFF662NXX/,/files/ENCFF858MYU/,/files/ENCFF772NJC/,/files/ENCFF929ELQ/,/files/ENCFF419UUO/,/files/ENCFF412QOP/,/files/ENCFF983WCN/,/files/ENCFF238ROQ/,/files/ENCFF272AMU/,/files/ENCFF948AHJ/,/files/ENCFF547MAK/		ENCBS832OLM,ENCBS323ORD	1,2	1		Homo sapiens	embryonic	5 days												/replicates/1dfb3f3a-6b19-4333-97ad-88786202acd7/,/replicates/735e7784-32e1-493e-9124-ccf90d1986bc/				capped RNA enrichment
/experiments/ENCSR992HBP/	ENCSR992HBP	PRO-cap	PRO-cap	tissue				Homo sapiens right lobe of liver tissue female adult (53 years)	right lobe of liver		A run-on assay that precisely maps the transcription start sites genome-wide with high sensitivity and specificity in Right lobe of liver.	Haiyuan Yu, Cornell	ENCODE	released	/files/ENCFF710LHJ/,/files/ENCFF374BVA/,/files/ENCFF820RQP/,/files/ENCFF122UEX/,/files/ENCFF144NHW/,/files/ENCFF398IJV/,/files/ENCFF809SRZ/,/files/ENCFF713CNO/,/files/ENCFF101KKB/,/files/ENCFF896VRJ/,/files/ENCFF702RBD/,/files/ENCFF137JZT/,/files/ENCFF496UYH/,/files/ENCFF525SQD/,/files/ENCFF036GII/,/files/ENCFF781EHB/,/files/ENCFF516DAQ/,/files/ENCFF630RKT/		ENCBS643CIV	1	1,2		Homo sapiens	adult	53 years												/replicates/4cdc1405-0036-43ba-bd2d-21852ba51b79/,/replicates/a798ff28-dd06-4a9e-8d2a-aeb7217766c3/				capped RNA enrichment
/experiments/ENCSR967RHN/	ENCSR967RHN	PRO-cap	PRO-cap	tissue				Homo sapiens lower lobe of left lung tissue female adult (59 years)	lower lobe of left lung		A run-on assay that precisely maps the transcription start sites genome-wide with high sensitivity and specificity in Lower lobe of left lung.	Haiyuan Yu, Cornell	ENCODE	released	/files/ENCFF304WWL/,/files/ENCFF239JVQ/,/files/ENCFF344CEH/,/files/ENCFF382PKL/,/files/ENCFF914NJZ/,/files/ENCFF345CYL/,/files/ENCFF563NSP/,/files/ENCFF950MIX/,/files/ENCFF381YQD/,/files/ENCFF764OHV/,/files/ENCFF407RTJ/,/files/ENCFF185YJE/,/files/ENCFF409PEB/,/files/ENCFF530DZY/,/files/ENCFF994WDH/,/files/ENCFF260EHS/,/files/ENCFF215FME/,/files/ENCFF437POJ/		ENCBS255XMF	1	2,1		Homo sapiens	adult	59 years												/replicates/775c6d84-e71d-440f-9b24-c5f244701bbf/,/replicates/12c703dd-f59e-4642-9fa7-8f94a6137677/				capped RNA enrichment
/experiments/ENCSR757HMG/	ENCSR757HMG	PRO-cap	PRO-cap	tissue				Homo sapiens Peyer's patch tissue female adult (53 years)	Peyer's patch		A run-on assay that precisely maps the transcription start sites genome-wide with high sensitivity and specificity in Peyer's patch.	Haiyuan Yu, Cornell	ENCODE	released	/files/ENCFF222WTY/,/files/ENCFF726BEG/,/files/ENCFF659UGN/,/files/ENCFF365NNA/,/files/ENCFF233CGY/,/files/ENCFF482WCA/,/files/ENCFF256DTO/,/files/ENCFF072UIX/,/files/ENCFF402VCJ/,/files/ENCFF040SRE/,/files/ENCFF971FUI/,/files/ENCFF209SYW/,/files/ENCFF027XYV/,/files/ENCFF257XAJ/,/files/ENCFF885FKZ/,/files/ENCFF459FDH/,/files/ENCFF440RAQ/,/files/ENCFF076BQO/		ENCBS330CLA	1	1,2		Homo sapiens	adult	53 years												/replicates/0beb3cf9-9ec9-47c8-9dd5-50ee10862330/,/replicates/5f55a8ee-affb-42aa-9dba-54ae99b46f32/				capped RNA enrichment
/experiments/ENCSR983JFU/	ENCSR983JFU	PRO-cap	PRO-cap	cell line				Homo sapiens REH cell	REH cell		A run-on assay that precisely maps the transcription start sites genome-wide with high sensitivity and specificity in REH.	Haiyuan Yu, Cornell	ENCODE	released	/files/ENCFF313WWB/,/files/ENCFF630HJB/,/files/ENCFF225HII/,/files/ENCFF952XTL/,/files/ENCFF134ABY/,/files/ENCFF784HSU/,/files/ENCFF664OJT/,/files/ENCFF238FSZ/,/files/ENCFF270RXC/,/files/ENCFF734PBI/,/files/ENCFF791FYW/,/files/ENCFF361BKO/,/files/ENCFF626PVW/,/files/ENCFF631ESV/,/files/ENCFF551FGF/		ENCBS119HVJ,ENCBS326SNQ	1,2	1		Homo sapiens	child	15 years												/replicates/1c1a1abb-c91c-4802-ab7b-cd814167a190/,/replicates/a4cf712d-3751-43c1-b3ab-5eaf6a75e9f1/				capped RNA enrichment
/experiments/ENCSR644TYW/	ENCSR644TYW	PRO-cap	PRO-cap	tissue				Homo sapiens Colon Carcinoma Metastatic in the Brain tissue male adult (56 years)	Colon Carcinoma Metastatic in the Brain		A run-on assay that precisely maps the transcription start sites genome-wide with high sensitivity and specificity in Metastatic colon cancer to brain.	Haiyuan Yu, Cornell	ENCODE	released	/files/ENCFF940YSO/,/files/ENCFF992KKE/,/files/ENCFF350XKD/,/files/ENCFF319TKN/,/files/ENCFF509HVZ/,/files/ENCFF114QCE/,/files/ENCFF140EOA/,/files/ENCFF908YAZ/,/files/ENCFF585WIA/		ENCBS218NLO	1	1		Homo sapiens	adult	56 years												/replicates/4a75be4b-31d5-43ad-b3aa-63e244f3674d/				capped RNA enrichment
/experiments/ENCSR542IVL/	ENCSR542IVL	PRO-cap	PRO-cap	tissue				Homo sapiens testis tissue male	testis		A run-on assay that precisely maps the transcription start sites genome-wide with high sensitivity and specificity in Testis.	Haiyuan Yu, Cornell	ENCODE	released	/files/ENCFF526QSX/,/files/ENCFF588JSX/,/files/ENCFF741XTP/,/files/ENCFF314EZP/,/files/ENCFF436GVZ/,/files/ENCFF158CBI/,/files/ENCFF806AAT/,/files/ENCFF303DKN/,/files/ENCFF794FIK/,/files/ENCFF125THH/,/files/ENCFF568BEC/,/files/ENCFF746UZX/,/files/ENCFF319JXY/,/files/ENCFF764AZO/,/files/ENCFF189ANN/,/files/ENCFF705ZJJ/,/files/ENCFF416YDW/,/files/ENCFF877OKA/		ENCBS442JRS	1	2,1		Homo sapiens	unknown													/replicates/810943cc-2fab-40e4-b1dd-e932b1358406/,/replicates/28785114-fb72-498d-bf08-e1bd967a930a/				capped RNA enrichment
/experiments/ENCSR821MIF/	ENCSR821MIF	PRO-cap	PRO-cap	tissue				Homo sapiens spleen tissue female adult (59 years)	spleen		A run-on assay that precisely maps the transcription start sites genome-wide with high sensitivity and specificity in Spleen.	Haiyuan Yu, Cornell	ENCODE	released	/files/ENCFF378HCJ/,/files/ENCFF771IKF/,/files/ENCFF313YTU/,/files/ENCFF097AGG/,/files/ENCFF968RGS/,/files/ENCFF576KTO/,/files/ENCFF848ZHP/,/files/ENCFF521NKU/,/files/ENCFF687NHN/,/files/ENCFF569QSJ/,/files/ENCFF993EGJ/,/files/ENCFF748TYK/,/files/ENCFF692RGG/,/files/ENCFF361UPQ/,/files/ENCFF057VQL/		ENCBS475SPP	1	2,1		Homo sapiens	adult	59 years												/replicates/0c4ed691-2aa0-4998-a127-c456b21e5745/,/replicates/e57a0aa6-2430-48cb-b4b9-9d573580cd8d/				capped RNA enrichment
/experiments/ENCSR970ACM/	ENCSR970ACM	PRO-cap	PRO-cap	tissue				Homo sapiens adrenal gland tissue female adult (53 years)	adrenal gland		A run-on assay that precisely maps the transcription start sites genome-wide with high sensitivity and specificity in Adrenal gland.	Haiyuan Yu, Cornell	ENCODE	released	/files/ENCFF847MJV/,/files/ENCFF513CHZ/,/files/ENCFF741JWK/,/files/ENCFF506UPV/,/files/ENCFF205TXB/,/files/ENCFF218JXV/,/files/ENCFF950JZO/,/files/ENCFF546ECM/,/files/ENCFF924XDY/,/files/ENCFF684ALO/,/files/ENCFF955WXV/,/files/ENCFF871LST/,/files/ENCFF163BBJ/,/files/ENCFF585AZR/,/files/ENCFF224LQG/,/files/ENCFF318UJU/,/files/ENCFF556MVN/,/files/ENCFF370XZK/		ENCBS741ICD	1	1,2		Homo sapiens	adult	53 years												/replicates/3628e604-ffc9-4334-a489-139e3203cb0b/,/replicates/84387acc-612f-41ba-8b28-9198bcba01a9/				capped RNA enrichment
/experiments/ENCSR484CAZ/	ENCSR484CAZ	PRO-cap	PRO-cap	tissue				Homo sapiens cardiac septum tissue female adult (41 years)	cardiac septum		A run-on assay that precisely maps the transcription start sites genome-wide with high sensitivity and specificity in Septum of heart.	Haiyuan Yu, Cornell	ENCODE	released	/files/ENCFF860LGU/,/files/ENCFF734TKK/,/files/ENCFF454PVV/,/files/ENCFF766PEU/,/files/ENCFF166OVB/,/files/ENCFF660FXD/,/files/ENCFF239RMF/,/files/ENCFF170IVQ/,/files/ENCFF448FDF/,/files/ENCFF861AOD/,/files/ENCFF513WAC/,/files/ENCFF816YJP/,/files/ENCFF104VVG/,/files/ENCFF806QBP/,/files/ENCFF598EMW/,/files/ENCFF346LRC/,/files/ENCFF215UHI/,/files/ENCFF541BWQ/		ENCBS104EPG	1	2,1		Homo sapiens	adult	41 years												/replicates/4f643202-0c7e-4cfe-96d5-28ed997a5bb9/,/replicates/070c3645-5edc-40e3-bed9-11651d1123a0/				capped RNA enrichment
/experiments/ENCSR074XYR/	ENCSR074XYR	PRO-cap	PRO-cap	tissue				Homo sapiens Colon Carcinoma Metastatic in the Brain tissue male adult (50 years)	Colon Carcinoma Metastatic in the Brain		A run-on assay that precisely maps the transcription start sites genome-wide with high sensitivity and specificity in Metastatic colon cancer to brain.	Haiyuan Yu, Cornell	ENCODE	released	/files/ENCFF592YLU/,/files/ENCFF440OUZ/,/files/ENCFF741IWZ/,/files/ENCFF944JQE/,/files/ENCFF382OAC/,/files/ENCFF675TNC/,/files/ENCFF195SBF/,/files/ENCFF592DPO/,/files/ENCFF474PEE/		ENCBS151VMQ	1	1		Homo sapiens	adult	50 years												/replicates/5ace61c9-2002-4de5-b526-757cddf3a196/				capped RNA enrichment
/experiments/ENCSR636RVF/	ENCSR636RVF	PRO-cap	PRO-cap	tissue				Homo sapiens skeletal muscle tissue tissue female adult (42 years)	skeletal muscle tissue		A run-on assay that precisely maps the transcription start sites genome-wide with high sensitivity and specificity in Skeletal muscle of leg.	Haiyuan Yu, Cornell	ENCODE	released	/files/ENCFF607VZK/,/files/ENCFF080PAZ/,/files/ENCFF359DYU/,/files/ENCFF401GMT/,/files/ENCFF890YND/,/files/ENCFF492LQW/,/files/ENCFF201FOF/,/files/ENCFF379SAF/,/files/ENCFF878LTK/,/files/ENCFF608IGK/,/files/ENCFF326KEX/,/files/ENCFF775SQJ/,/files/ENCFF563XEO/,/files/ENCFF325ZCL/,/files/ENCFF254NUA/,/files/ENCFF786OQI/,/files/ENCFF477MDJ/,/files/ENCFF076CQM/		ENCBS659SAX	1	2,1		Homo sapiens	adult	42 years												/replicates/3b3eefb2-ec83-4dca-9ea9-259cd42e6826/,/replicates/ca9a9842-e7e0-4835-b2dd-63497f53f938/				capped RNA enrichment
/experiments/ENCSR122BHP/	ENCSR122BHP	PRO-cap	PRO-cap	tissue				Homo sapiens colic lymph node tissue female adult (50 years)	colic lymph node		A run-on assay that precisely maps the transcription start sites genome-wide with high sensitivity and specificity in Pericolonic lymph node.	Haiyuan Yu, Cornell	ENCODE	released	/files/ENCFF242OCX/,/files/ENCFF306CCV/,/files/ENCFF201WOO/,/files/ENCFF758VRA/,/files/ENCFF635JIJ/,/files/ENCFF580HAZ/,/files/ENCFF623CZE/,/files/ENCFF647MAE/,/files/ENCFF989STK/,/files/ENCFF749LEQ/,/files/ENCFF011SNO/,/files/ENCFF802EAY/,/files/ENCFF191DNC/,/files/ENCFF553DRY/,/files/ENCFF305OOT/,/files/ENCFF777INX/,/files/ENCFF349KOA/,/files/ENCFF045UDK/		ENCBS779TGK	1	1,2		Homo sapiens	adult	50 years												/replicates/f39dad52-cd0f-4e6a-a460-b04cd6324573/,/replicates/34f28bf3-bd57-40e8-a965-b0319e3101ce/				capped RNA enrichment
/experiments/ENCSR282COG/	ENCSR282COG	PRO-cap	PRO-cap	tissue				Homo sapiens gallbladder tissue male adult (40 years)	gallbladder		A run-on assay that precisely maps the transcription start sites genome-wide with high sensitivity and specificity in Gallbladder.	Haiyuan Yu, Cornell	ENCODE	released	/files/ENCFF698CRR/,/files/ENCFF603FLY/,/files/ENCFF146XNO/,/files/ENCFF592YGA/,/files/ENCFF561UDM/,/files/ENCFF272CQC/,/files/ENCFF184MGP/,/files/ENCFF097IAP/,/files/ENCFF323UZS/,/files/ENCFF587GSQ/,/files/ENCFF524GVO/,/files/ENCFF271FZJ/,/files/ENCFF364AKU/,/files/ENCFF808JYT/,/files/ENCFF339KZC/,/files/ENCFF778UFP/,/files/ENCFF785QTT/,/files/ENCFF497ABY/		ENCBS796YDM	1	2,1		Homo sapiens	adult	40 years												/replicates/90f46ff2-592a-42f2-bc8a-8b062b0f32aa/,/replicates/de56609e-a1eb-4777-b912-528eb9022912/				capped RNA enrichment
/experiments/ENCSR618ZHM/	ENCSR618ZHM	PRO-cap	PRO-cap	tissue				Homo sapiens ileum tissue female adult (62 years)	ileum		A run-on assay that precisely maps the transcription start sites genome-wide with high sensitivity and specificity in Ileum.	Haiyuan Yu, Cornell	ENCODE	released	/files/ENCFF503ODE/,/files/ENCFF272RDS/,/files/ENCFF013YUP/,/files/ENCFF371DPK/,/files/ENCFF528AQY/,/files/ENCFF280YCB/,/files/ENCFF540LCC/,/files/ENCFF631XPQ/,/files/ENCFF244KFV/,/files/ENCFF490RAC/,/files/ENCFF563HEI/,/files/ENCFF384IMY/,/files/ENCFF779ZTK/,/files/ENCFF518CJB/,/files/ENCFF044IRT/,/files/ENCFF193ATM/,/files/ENCFF725EGV/,/files/ENCFF638CBQ/		ENCBS642EAP	1	2,1		Homo sapiens	adult	62 years												/replicates/ecc0e412-539e-4589-a54a-73063d5c5fde/,/replicates/9060fdef-e680-4e12-a1af-f7598fff8a58/				capped RNA enrichment
/experiments/ENCSR940QKZ/	ENCSR940QKZ	PRO-cap	PRO-cap	tissue				Homo sapiens ovary tissue female adult (41 years)	ovary		A run-on assay that precisely maps the transcription start sites genome-wide with high sensitivity and specificity in Ovary.	Haiyuan Yu, Cornell	ENCODE	released	/files/ENCFF409LZB/,/files/ENCFF445XAI/,/files/ENCFF366KHK/,/files/ENCFF602DBY/,/files/ENCFF048CYD/,/files/ENCFF823HLW/,/files/ENCFF235BPO/,/files/ENCFF940KHW/,/files/ENCFF970JQJ/,/files/ENCFF029LEX/,/files/ENCFF595SVE/,/files/ENCFF862XFV/,/files/ENCFF466NZR/,/files/ENCFF900NOC/,/files/ENCFF151PFS/		ENCBS643QHT	1	2,1		Homo sapiens	adult	41 years												/replicates/2f701618-8673-4482-872d-7bede826641b/,/replicates/1d59fe92-7a78-4654-9ceb-c193845b9cb9/				capped RNA enrichment
/experiments/ENCSR093JST/	ENCSR093JST	PRO-cap	PRO-cap	primary cell				Homo sapiens monocyte	monocyte		A run-on assay that precisely maps the transcription start sites genome-wide with high sensitivity and specificity in Monocytes.	Haiyuan Yu, Cornell	ENCODE	released	/files/ENCFF388NGX/,/files/ENCFF606VVT/,/files/ENCFF802JPF/,/files/ENCFF168ABJ/,/files/ENCFF461ZKS/,/files/ENCFF350OON/,/files/ENCFF873GYD/,/files/ENCFF945PEU/,/files/ENCFF673DAJ/,/files/ENCFF450VBB/,/files/ENCFF824CAC/,/files/ENCFF202ODO/,/files/ENCFF238NLM/,/files/ENCFF777KQL/,/files/ENCFF921WDX/,/files/ENCFF400JLN/,/files/ENCFF796NLT/,/files/ENCFF926VLM/		ENCBS075AEP	1	2,1		Homo sapiens	unknown													/replicates/bdc62585-63a2-45b7-a0f3-3723cea3cdfc/,/replicates/7732534b-14c5-4877-a8b6-8cc5d00bafc8/				capped RNA enrichment
/experiments/ENCSR331QXJ/	ENCSR331QXJ	PRO-cap	PRO-cap	tissue				Homo sapiens Colon Carcinoma Metastatic in the Lung tissue female adult (72 years)	Colon Carcinoma Metastatic in the Lung		A run-on assay that precisely maps the transcription start sites genome-wide with high sensitivity and specificity in Metastatic colon cancer to lung.	Haiyuan Yu, Cornell	ENCODE	released	/files/ENCFF184RQV/,/files/ENCFF022XDA/,/files/ENCFF233HZL/,/files/ENCFF220AXV/,/files/ENCFF365WMY/,/files/ENCFF462MKZ/,/files/ENCFF134CFZ/,/files/ENCFF328GVY/,/files/ENCFF520NSN/		ENCBS495UUM	1	1		Homo sapiens	adult	72 years												/replicates/bafdd1bc-cd74-40f4-be2d-ffef3957a0d8/				capped RNA enrichment
/experiments/ENCSR575NNF/	ENCSR575NNF	PRO-cap	PRO-cap	tissue				Homo sapiens right lobe of liver tissue female adult (41 years)	right lobe of liver		A run-on assay that precisely maps the transcription start sites genome-wide with high sensitivity and specificity in Right lobe of liver.	Haiyuan Yu, Cornell	ENCODE	released	/files/ENCFF035HSR/,/files/ENCFF817MEA/,/files/ENCFF500WLN/,/files/ENCFF901LYA/,/files/ENCFF835IYW/,/files/ENCFF835SSD/,/files/ENCFF577SAA/,/files/ENCFF132VOR/,/files/ENCFF392WCR/,/files/ENCFF244WFB/,/files/ENCFF018NMA/,/files/ENCFF625IVE/,/files/ENCFF523UUP/,/files/ENCFF211MKD/,/files/ENCFF718JLW/,/files/ENCFF963XGA/,/files/ENCFF577GDI/,/files/ENCFF604PCW/		ENCBS949MLY	1	1,2		Homo sapiens	adult	41 years												/replicates/0eea7c50-6f38-4518-8f0c-2eacc7043599/,/replicates/11888d60-6fdb-4370-bba2-40904bf3e588/				capped RNA enrichment
/experiments/ENCSR915VCN/	ENCSR915VCN	PRO-cap	PRO-cap	tissue				Homo sapiens cerebral cortex tissue female adult (49 years)	cerebral cortex		A run-on assay that precisely maps the transcription start sites genome-wide with high sensitivity and specificity in Temporal lobe of cerebral cortex.	Haiyuan Yu, Cornell	ENCODE	released	/files/ENCFF159HUQ/,/files/ENCFF883END/,/files/ENCFF812REH/,/files/ENCFF659GOQ/,/files/ENCFF975MCC/,/files/ENCFF799NRO/,/files/ENCFF063GVD/,/files/ENCFF092IDT/,/files/ENCFF955PHK/,/files/ENCFF782TGD/,/files/ENCFF425XNK/,/files/ENCFF788MWR/,/files/ENCFF238YIB/,/files/ENCFF958TDP/,/files/ENCFF958MEN/,/files/ENCFF849MNJ/,/files/ENCFF138ZEM/,/files/ENCFF193ISX/		ENCBS697DVZ	1	1,2		Homo sapiens	adult	49 years												/replicates/019f6502-f2d3-4a63-bb31-b58f671af2bc/,/replicates/c13b09e6-0c6c-465c-9f35-ae6155622c80/				capped RNA enrichment
/experiments/ENCSR766KPR/	ENCSR766KPR	PRO-cap	PRO-cap	tissue				Homo sapiens ovary tissue female adult (61 years)	ovary		A run-on assay that precisely maps the transcription start sites genome-wide with high sensitivity and specificity in Ovary.	Haiyuan Yu, Cornell	ENCODE	released	/files/ENCFF285GQI/,/files/ENCFF827UMS/,/files/ENCFF731TNR/,/files/ENCFF681VFF/,/files/ENCFF450ECE/,/files/ENCFF160YQQ/,/files/ENCFF544OJJ/,/files/ENCFF410LGW/,/files/ENCFF554UYR/,/files/ENCFF858WVO/,/files/ENCFF197ABL/,/files/ENCFF153UJC/,/files/ENCFF952RBD/,/files/ENCFF646VQC/,/files/ENCFF139HWW/		ENCBS543NXM	1	1,2		Homo sapiens	adult	61 years												/replicates/72ab576c-19a7-48d5-8f73-44cc8cfce16b/,/replicates/7be7644f-af2f-4e03-8229-4b8ae62bf8c1/				capped RNA enrichment
/experiments/ENCSR399LAD/	ENCSR399LAD	PRO-cap	PRO-cap	tissue				Homo sapiens uterus tissue female adult (46 years)	uterus		A run-on assay that precisely maps the transcription start sites genome-wide with high sensitivity and specificity in Uterus.	Haiyuan Yu, Cornell	ENCODE	released	/files/ENCFF053VMK/,/files/ENCFF031ANJ/,/files/ENCFF232WFJ/,/files/ENCFF326UFA/,/files/ENCFF470NPB/,/files/ENCFF317SEY/,/files/ENCFF556ZYJ/,/files/ENCFF864QMN/,/files/ENCFF169KOV/,/files/ENCFF567EMR/,/files/ENCFF745MSK/,/files/ENCFF553VSU/,/files/ENCFF371QWD/,/files/ENCFF918QHB/,/files/ENCFF304NSK/		ENCBS098DQG	1	1,2		Homo sapiens	adult	46 years												/replicates/e16f977c-1bb1-421f-8ed8-e1fcb7d8327f/,/replicates/b21ac5d6-796c-4e34-9831-e5c7344ec942/				capped RNA enrichment
/experiments/ENCSR756CCD/	ENCSR756CCD	PRO-cap	PRO-cap	tissue				Homo sapiens thyroid gland tissue male adult (49 years)	thyroid gland		A run-on assay that precisely maps the transcription start sites genome-wide with high sensitivity and specificity in Thyroid gland.	Haiyuan Yu, Cornell	ENCODE	released	/files/ENCFF572RKL/,/files/ENCFF816NGL/,/files/ENCFF429LCI/,/files/ENCFF962JBO/,/files/ENCFF595FIQ/,/files/ENCFF395RBF/,/files/ENCFF725CXS/,/files/ENCFF962WWN/,/files/ENCFF847YJP/,/files/ENCFF631VBY/,/files/ENCFF133IYB/,/files/ENCFF980XQW/,/files/ENCFF995DWR/,/files/ENCFF173LNP/,/files/ENCFF990MJK/		ENCBS659TXJ	1	2,1		Homo sapiens	adult	49 years												/replicates/aa3795f2-0206-4ee2-8f20-a1c13552d832/,/replicates/744869a9-11cf-471c-a2dc-8fe5d088cfd3/				capped RNA enrichment
/experiments/ENCSR023NXW/	ENCSR023NXW	PRO-cap	PRO-cap	tissue				Homo sapiens right common carotid artery plus branches tissue	right common carotid artery plus branches		A run-on assay that precisely maps the transcription start sites genome-wide with high sensitivity and specificity in Right carotid artery.	Haiyuan Yu, Cornell	ENCODE	released	/files/ENCFF293WWO/,/files/ENCFF640ZXA/,/files/ENCFF104HOM/,/files/ENCFF684LKW/,/files/ENCFF144YOE/,/files/ENCFF342AGN/,/files/ENCFF521PPJ/,/files/ENCFF790TVP/,/files/ENCFF905JJI/,/files/ENCFF673DSF/,/files/ENCFF198PRH/,/files/ENCFF833CZC/,/files/ENCFF159MOJ/,/files/ENCFF965XVV/,/files/ENCFF006YDN/		ENCBS241CLX	1	1,2		Homo sapiens	unknown													/replicates/8c0085ae-5b3b-4f4c-80aa-94ba7860e008/,/replicates/e4213a86-9172-4f1a-9620-8bc4a03c2844/				capped RNA enrichment
/experiments/ENCSR266TET/	ENCSR266TET	PRO-cap	PRO-cap	tissue				Homo sapiens bronchial lymph node tissue female adult (63 years)	bronchial lymph node		A run-on assay that precisely maps the transcription start sites genome-wide with high sensitivity and specificity in Peribronchial lymph node.	Haiyuan Yu, Cornell	ENCODE	released	/files/ENCFF958XFE/,/files/ENCFF553CRL/,/files/ENCFF347QGW/,/files/ENCFF565MCP/,/files/ENCFF201TDX/,/files/ENCFF133YKK/,/files/ENCFF654QNZ/,/files/ENCFF774UPF/,/files/ENCFF978XNZ/,/files/ENCFF963WQQ/,/files/ENCFF019DXQ/,/files/ENCFF119CQF/,/files/ENCFF929IBL/,/files/ENCFF583FBT/,/files/ENCFF239QDM/		ENCBS588ODP	1	2,1		Homo sapiens	adult	63 years												/replicates/784a8772-cfd1-4377-90ee-3bbeeb9ee32c/,/replicates/f0dfcc5c-865d-4720-98ed-93c984cc9a2d/				capped RNA enrichment
/experiments/ENCSR045XAW/	ENCSR045XAW	PRO-cap	PRO-cap	tissue				Homo sapiens urinary bladder tissue female adult (67 years)	urinary bladder		A run-on assay that precisely maps the transcription start sites genome-wide with high sensitivity and specificity in Bladder.	Haiyuan Yu, Cornell	ENCODE	released	/files/ENCFF105CRG/,/files/ENCFF207VVH/,/files/ENCFF136RBR/,/files/ENCFF939NLY/,/files/ENCFF919IZS/,/files/ENCFF623QAJ/,/files/ENCFF202XAY/,/files/ENCFF880IEQ/,/files/ENCFF665IQL/,/files/ENCFF990NMF/,/files/ENCFF539PIA/,/files/ENCFF193AMF/,/files/ENCFF859XQD/,/files/ENCFF221NSR/,/files/ENCFF326MZI/,/files/ENCFF172FOK/,/files/ENCFF186VLR/,/files/ENCFF878FHY/		ENCBS131AOJ	1	1,2		Homo sapiens	adult	67 years												/replicates/fe8b6685-acd0-431a-8396-dc9fccbb8a6b/,/replicates/d5e8a9e4-c4d9-40af-b874-962dad2a1987/				capped RNA enrichment
/experiments/ENCSR934ZMQ/	ENCSR934ZMQ	PRO-cap	PRO-cap	tissue				Homo sapiens Metastatic Breast Carcinoma in the Ovary tissue female adult (43 years)	Metastatic Breast Carcinoma in the Ovary		A run-on assay that precisely maps the transcription start sites genome-wide with high sensitivity and specificity in Metastatic breast cancer to ovary.	Haiyuan Yu, Cornell	ENCODE	released	/files/ENCFF500ZAF/,/files/ENCFF277JZC/,/files/ENCFF426XSE/,/files/ENCFF542UCC/,/files/ENCFF536GFR/,/files/ENCFF512WNM/,/files/ENCFF977DSG/,/files/ENCFF984QUS/,/files/ENCFF105LMK/,/files/ENCFF640HQR/,/files/ENCFF200KEE/,/files/ENCFF740EQP/,/files/ENCFF875VQQ/,/files/ENCFF624RVQ/,/files/ENCFF230RIT/,/files/ENCFF615DZK/,/files/ENCFF155TXT/,/files/ENCFF036LTS/,/files/ENCFF770HJB/,/files/ENCFF926YVH/,/files/ENCFF229PNB/,/files/ENCFF918IJP/,/files/ENCFF760OPC/,/files/ENCFF362VID/,/files/ENCFF700UEQ/,/files/ENCFF909NVY/,/files/ENCFF563HYX/		ENCBS297RQY	1	1,2		Homo sapiens	adult	43 years												/replicates/96df948b-f05d-4862-bd1e-bcd2fe9b2bda/,/replicates/30c41790-0e83-4ec1-9e7f-2ea5b6f3088b/				capped RNA enrichment
/experiments/ENCSR118KGX/	ENCSR118KGX	PRO-cap	PRO-cap	primary cell				Homo sapiens with type 1 diabetes mellitus; T-cell female adult (32 years)	T-cell		A run-on assay that precisely maps the transcription start sites genome-wide with high sensitivity and specificity in T cells from T1D donor.	Haiyuan Yu, Cornell	ENCODE	released	/files/ENCFF969PHE/,/files/ENCFF079PJW/,/files/ENCFF688SQC/,/files/ENCFF332OQG/,/files/ENCFF246KDC/,/files/ENCFF298UGL/,/files/ENCFF870ANA/,/files/ENCFF203OEF/,/files/ENCFF109ILV/		ENCBS474JLO	1	1		Homo sapiens	adult	32 years												/replicates/d942a5b9-33b6-46fc-a3a6-aa34ab01b2cd/				capped RNA enrichment
/experiments/ENCSR296MTV/	ENCSR296MTV	PRO-cap	PRO-cap	tissue				Homo sapiens left common carotid artery plus branches tissue	left common carotid artery plus branches		A run-on assay that precisely maps the transcription start sites genome-wide with high sensitivity and specificity in Left carotid artery.	Haiyuan Yu, Cornell	ENCODE	released	/files/ENCFF033XBO/,/files/ENCFF860OGS/,/files/ENCFF682TVI/,/files/ENCFF005CTV/,/files/ENCFF362DCA/,/files/ENCFF598CSO/,/files/ENCFF013JVI/,/files/ENCFF927OYW/,/files/ENCFF780OIV/,/files/ENCFF008HQE/,/files/ENCFF672WVH/,/files/ENCFF060KVX/,/files/ENCFF493EPT/,/files/ENCFF711KUF/,/files/ENCFF047ATS/,/files/ENCFF301ATR/,/files/ENCFF118UEF/,/files/ENCFF763TUC/,/files/ENCFF753JQF/,/files/ENCFF550KXI/,/files/ENCFF776AOY/		ENCBS514PPF	1	1,2		Homo sapiens	unknown													/replicates/657fc59c-24ef-449e-9dc4-51dcf009c3ea/,/replicates/4c59e430-6b02-4aa1-bae7-af7ff561d6fb/				capped RNA enrichment
/experiments/ENCSR212GWU/	ENCSR212GWU	PRO-cap	PRO-cap	tissue				Homo sapiens breast tissue female adult (39 years)	breast		A run-on assay that precisely maps the transcription start sites genome-wide with high sensitivity and specificity in Breast mammary.	Haiyuan Yu, Cornell	ENCODE	released	/files/ENCFF299OMZ/,/files/ENCFF226XNY/,/files/ENCFF049PZE/,/files/ENCFF738GZT/,/files/ENCFF145YZT/,/files/ENCFF221UWO/,/files/ENCFF821LJS/,/files/ENCFF191RUO/,/files/ENCFF334NMW/,/files/ENCFF792ZQD/,/files/ENCFF151EUI/,/files/ENCFF163LJV/,/files/ENCFF284VUS/,/files/ENCFF967MCF/,/files/ENCFF133RJI/		ENCBS227XPJ	1	2,1		Homo sapiens	adult	39 years												/replicates/0cc50b6b-3285-4f6e-82e2-8efc7d9f532a/,/replicates/b049f3b5-5da2-4263-b68b-68c644c6ffa2/				capped RNA enrichment
/experiments/ENCSR408RHY/	ENCSR408RHY	PRO-cap	PRO-cap	tissue				Homo sapiens adrenal gland tissue female adult (59 years)	adrenal gland		A run-on assay that precisely maps the transcription start sites genome-wide with high sensitivity and specificity in Adrenal gland.	Haiyuan Yu, Cornell	ENCODE	released	/files/ENCFF327QYW/,/files/ENCFF163IPS/,/files/ENCFF225YSF/,/files/ENCFF349NBA/,/files/ENCFF183EZN/,/files/ENCFF359HBP/,/files/ENCFF428HZH/,/files/ENCFF550EKA/,/files/ENCFF766FVB/,/files/ENCFF119HBC/,/files/ENCFF106SJR/,/files/ENCFF723AUV/,/files/ENCFF775RYJ/,/files/ENCFF902QAG/,/files/ENCFF846TVF/		ENCBS024DKR	1	2,1		Homo sapiens	adult	59 years												/replicates/b7df233c-baf5-48d2-a581-394139e65b1b/,/replicates/00cfcf14-ecbd-4f05-9afd-4334896b7f88/				capped RNA enrichment
/experiments/ENCSR594WJV/	ENCSR594WJV	PRO-cap	PRO-cap	primary cell				Homo sapiens cytotoxic T cell	cytotoxic T cell		A run-on assay that precisely maps the transcription start sites genome-wide with high sensitivity and specificity in Cytotoxic T cells.	Haiyuan Yu, Cornell	ENCODE	released	/files/ENCFF558KJM/,/files/ENCFF490CXT/,/files/ENCFF701ORA/,/files/ENCFF849SIM/,/files/ENCFF624ROC/,/files/ENCFF999MXA/,/files/ENCFF682YZB/,/files/ENCFF143RSX/,/files/ENCFF800JUY/,/files/ENCFF167IBF/,/files/ENCFF295FNK/,/files/ENCFF214DBJ/,/files/ENCFF339VHB/,/files/ENCFF037ELX/,/files/ENCFF768SNQ/		ENCBS203PZU	1	2,1		Homo sapiens	unknown													/replicates/70ae7042-c8c5-464d-87ee-128dee7f484e/,/replicates/0b3fe3f9-a9f6-4a6b-bedb-77ab6167e5ad/				capped RNA enrichment
/experiments/ENCSR797AOQ/	ENCSR797AOQ	PRO-cap	PRO-cap	tissue				Homo sapiens spleen tissue female adult (41 years)	spleen		A run-on assay that precisely maps the transcription start sites genome-wide with high sensitivity and specificity in Spleen.	Haiyuan Yu, Cornell	ENCODE	released	/files/ENCFF224EHC/,/files/ENCFF624CYN/,/files/ENCFF134RMC/,/files/ENCFF807YHV/,/files/ENCFF764GET/,/files/ENCFF939GPM/,/files/ENCFF604CRL/,/files/ENCFF017SYR/,/files/ENCFF425XWA/,/files/ENCFF300FRU/,/files/ENCFF733NVN/,/files/ENCFF488UTK/,/files/ENCFF914OVT/,/files/ENCFF420SWY/,/files/ENCFF865ANZ/,/files/ENCFF677NOJ/,/files/ENCFF965DYJ/,/files/ENCFF990YRR/		ENCBS151FEK	1	1,2		Homo sapiens	adult	41 years												/replicates/d313eed9-862a-40ff-b386-6d49acf36b7d/,/replicates/f87ead15-74a2-4e70-9376-2d4b24439b97/				capped RNA enrichment
/experiments/ENCSR675RBN/	ENCSR675RBN	PRO-cap	PRO-cap	tissue				Homo sapiens cerebral cortex tissue	cerebral cortex		A run-on assay that precisely maps the transcription start sites genome-wide with high sensitivity and specificity in Left frontal of cerebral cortex.	Haiyuan Yu, Cornell	ENCODE	released	/files/ENCFF194XSM/,/files/ENCFF741STY/,/files/ENCFF548IFJ/,/files/ENCFF403BMA/,/files/ENCFF231ZIV/,/files/ENCFF603QYK/,/files/ENCFF547WOV/,/files/ENCFF163ALM/,/files/ENCFF073IJK/,/files/ENCFF811GRY/,/files/ENCFF573FVS/,/files/ENCFF601NFZ/,/files/ENCFF031GQY/,/files/ENCFF003TZY/,/files/ENCFF361MGW/,/files/ENCFF900KSM/,/files/ENCFF942RYJ/,/files/ENCFF727ZVN/		ENCBS687LHA	1	1,2		Homo sapiens	unknown													/replicates/badd0376-bdd5-45ad-b1c0-7a8291ca567b/,/replicates/4620208b-eabe-4aae-ab51-a83673f8f5a7/				capped RNA enrichment
/experiments/ENCSR812JCT/	ENCSR812JCT	PRO-cap	PRO-cap	tissue				Homo sapiens heart left ventricle tissue female adult (46 years)	heart left ventricle		A run-on assay that precisely maps the transcription start sites genome-wide with high sensitivity and specificity in Left ventricle of heart.	Haiyuan Yu, Cornell	ENCODE	released	/files/ENCFF924IEL/,/files/ENCFF011QGS/,/files/ENCFF205QUA/,/files/ENCFF953VMJ/,/files/ENCFF444WNV/,/files/ENCFF968YAY/,/files/ENCFF984PND/,/files/ENCFF360SQK/,/files/ENCFF481YIZ/,/files/ENCFF839FOX/,/files/ENCFF514MNH/,/files/ENCFF982VAA/,/files/ENCFF054BGT/,/files/ENCFF445YTY/,/files/ENCFF353SVC/,/files/ENCFF767IFY/,/files/ENCFF543HAX/,/files/ENCFF595QXJ/		ENCBS569PVU	1	1,2		Homo sapiens	adult	46 years												/replicates/438e8c2b-ab96-4ac3-aa20-e035a557c7de/,/replicates/21d134fc-1a83-408a-8a84-01e10b6d379b/				capped RNA enrichment
/experiments/ENCSR740DLY/	ENCSR740DLY	PRO-cap	PRO-cap	primary cell				Homo sapiens peripheral blood mononuclear cell	peripheral blood mononuclear cell		A run-on assay that precisely maps the transcription start sites genome-wide with high sensitivity and specificity in PBMCs.	Haiyuan Yu, Cornell	ENCODE	released	/files/ENCFF115YTF/,/files/ENCFF277ZZN/,/files/ENCFF913FFA/,/files/ENCFF797HSE/,/files/ENCFF359MFL/,/files/ENCFF380JCN/,/files/ENCFF963SLF/,/files/ENCFF184YGZ/,/files/ENCFF447QAD/,/files/ENCFF187RKR/,/files/ENCFF524YRZ/,/files/ENCFF255LKE/,/files/ENCFF262NUC/,/files/ENCFF029KOW/,/files/ENCFF998DWH/,/files/ENCFF279XAA/,/files/ENCFF879HQQ/,/files/ENCFF562JWX/		ENCBS777XZX	1	2,1		Homo sapiens	unknown													/replicates/3f02a0c7-4213-4475-b933-6991cb01da3d/,/replicates/84a7339e-6029-4951-8369-bd56f5810bbd/				capped RNA enrichment
/experiments/ENCSR964OON/	ENCSR964OON	PRO-cap	PRO-cap	tissue				Homo sapiens sternocleidomastoid tissue	sternocleidomastoid		A run-on assay that precisely maps the transcription start sites genome-wide with high sensitivity and specificity in Sternocleidomastoid muscle.	Haiyuan Yu, Cornell	ENCODE	released	/files/ENCFF752RKJ/,/files/ENCFF816PXF/,/files/ENCFF063PHP/,/files/ENCFF061QTL/,/files/ENCFF833GSB/,/files/ENCFF011ETM/,/files/ENCFF338VWK/,/files/ENCFF972RLL/,/files/ENCFF955VOP/,/files/ENCFF184YVY/,/files/ENCFF991UOV/,/files/ENCFF727TWX/,/files/ENCFF025EGE/,/files/ENCFF466DGA/,/files/ENCFF603TDX/,/files/ENCFF498PQI/,/files/ENCFF410LPV/,/files/ENCFF249BQV/		ENCBS539XDF	1	1,2		Homo sapiens	unknown													/replicates/7e0563a1-3b46-4563-9b10-b07521678a7e/,/replicates/4a191d22-b008-4ca5-88c0-a4567ae97298/				capped RNA enrichment
/experiments/ENCSR883PPD/	ENCSR883PPD	PRO-cap	PRO-cap	tissue				Homo sapiens right cardiac atrium tissue female adult (46 years)	right cardiac atrium		A run-on assay that precisely maps the transcription start sites genome-wide with high sensitivity and specificity in Right atrium of heart.	Haiyuan Yu, Cornell	ENCODE	released	/files/ENCFF943BBV/,/files/ENCFF368RUT/,/files/ENCFF850WGU/,/files/ENCFF543QXC/,/files/ENCFF572UNR/,/files/ENCFF299KLH/,/files/ENCFF721MJC/,/files/ENCFF246AHV/,/files/ENCFF536CFL/,/files/ENCFF732GGD/,/files/ENCFF618VYP/,/files/ENCFF558AKT/,/files/ENCFF068IWI/,/files/ENCFF454BBU/,/files/ENCFF393QMT/,/files/ENCFF727HKF/,/files/ENCFF015TEW/,/files/ENCFF806NCI/		ENCBS899ZGN	1	2,1		Homo sapiens	adult	46 years												/replicates/86765ca2-f048-4e12-8a6e-00747f3b8b3b/,/replicates/107bef4f-5e47-4add-815d-f7e8d798c6df/				capped RNA enrichment
/experiments/ENCSR784FKF/	ENCSR784FKF	PRO-cap	PRO-cap	tissue				Homo sapiens vermiform appendix tissue male adult (56 years)	vermiform appendix		A run-on assay that precisely maps the transcription start sites genome-wide with high sensitivity and specificity in Appendix.	Haiyuan Yu, Cornell	ENCODE	released	/files/ENCFF346RDO/,/files/ENCFF698BKY/,/files/ENCFF701BWN/,/files/ENCFF822CFT/,/files/ENCFF141WVD/,/files/ENCFF830HPK/,/files/ENCFF140WQA/,/files/ENCFF859COX/,/files/ENCFF331RID/,/files/ENCFF472STV/,/files/ENCFF013AUL/,/files/ENCFF874GPR/,/files/ENCFF516NXU/,/files/ENCFF046QUU/,/files/ENCFF444GIW/,/files/ENCFF922ZHM/,/files/ENCFF468LXW/,/files/ENCFF570OGJ/		ENCBS890AUO	1	1,2		Homo sapiens	adult	56 years												/replicates/d958f410-821f-4ab2-b953-8752399e4e96/,/replicates/5e081212-c608-40e1-a328-cb7c0b0f77c0/				capped RNA enrichment
/experiments/ENCSR273JQN/	ENCSR273JQN	PRO-cap	PRO-cap	cell line				Homo sapiens HCT116 genetically modified (insertion) using CRISPR inserting O. sativa LOC4335696, (insertion) using CRISPR targeting H. sapiens SUPT16H	HCT116	GEO:GSE219977	A run-on assay that precisely maps the transcription start sites genome-wide with high sensitivity and specificity in SUPT16H_U.	Haiyuan Yu, Cornell	ENCODE	released	/files/ENCFF305ZVJ/,/files/ENCFF766JRN/,/files/ENCFF069GDX/,/files/ENCFF407OZD/,/files/ENCFF876ECB/,/files/ENCFF041PRG/,/files/ENCFF046ROQ/,/files/ENCFF184KLI/,/files/ENCFF772OZZ/,/files/ENCFF165FGE/,/files/ENCFF944XUH/,/files/ENCFF303NFF/,/files/ENCFF266PAF/,/files/ENCFF124AHW/,/files/ENCFF981SXB/,/files/ENCFF787FPL/,/files/ENCFF747HHS/,/files/ENCFF005FUM/,/files/ENCFF702ZUJ/,/files/ENCFF323ZMX/,/files/ENCFF375JEC/,/files/ENCFF578FCY/,/files/ENCFF358OXF/,/files/ENCFF625YBE/,/files/ENCFF656KEA/	/gene-silencing-series/ENCSR597PBK/	ENCBS984MQX,ENCBS465EAG	1,2	1		Homo sapiens	adult	48 years										/organisms/human/	/organisms/rice/	/replicates/0cfd615c-f214-422d-8d28-942482ef6705/,/replicates/9ee61015-867c-4ca0-9616-931f168ed02d/				capped RNA enrichment
/experiments/ENCSR074XOP/	ENCSR074XOP	PRO-cap	PRO-cap	cell line				Homo sapiens HCT116 genetically modified (insertion) using CRISPR inserting O. sativa LOC4335696, (insertion) using CRISPR targeting H. sapiens POLR2A	HCT116	GEO:GSE219427	A run-on assay that precisely maps the transcription start sites genome-wide with high sensitivity and specificity in POLR2A_U.	Haiyuan Yu, Cornell	ENCODE	released	/files/ENCFF567NGK/,/files/ENCFF228FSM/,/files/ENCFF468TYK/,/files/ENCFF850IGU/,/files/ENCFF207IAP/,/files/ENCFF442MGU/,/files/ENCFF031YGZ/,/files/ENCFF825RRC/,/files/ENCFF573KYE/,/files/ENCFF058XIC/,/files/ENCFF829SHT/,/files/ENCFF022JJM/,/files/ENCFF595CDO/,/files/ENCFF855YVR/,/files/ENCFF267HWY/,/files/ENCFF725AIY/,/files/ENCFF271SOC/,/files/ENCFF484CGY/,/files/ENCFF067ZFN/,/files/ENCFF892ADK/,/files/ENCFF194FJR/,/files/ENCFF851IEE/,/files/ENCFF850UAY/,/files/ENCFF692ZQW/,/files/ENCFF834TRR/	/gene-silencing-series/ENCSR044ADB/	ENCBS729ZZV,ENCBS777WED	2,1	1		Homo sapiens	adult	48 years										/organisms/human/	/organisms/rice/	/replicates/66726dfd-eb47-4842-a2d3-49d015654c7a/,/replicates/5e197b6a-23bf-498e-ae3f-700dc69ab0d2/				capped RNA enrichment
/experiments/ENCSR635SXX/	ENCSR635SXX	PRO-cap	PRO-cap	cell line				Homo sapiens HCT116 genetically modified (insertion) using CRISPR inserting O. sativa LOC4335696, (insertion) using CRISPR targeting H. sapiens RAD21	HCT116	GEO:GSE219548	A run-on assay that precisely maps the transcription start sites genome-wide with high sensitivity and specificity in RAD21_U.	Haiyuan Yu, Cornell	ENCODE	released	/files/ENCFF094UXF/,/files/ENCFF743MRP/,/files/ENCFF179ORP/,/files/ENCFF194BJT/,/files/ENCFF137VTV/,/files/ENCFF874ERU/,/files/ENCFF882JTF/,/files/ENCFF758QBJ/,/files/ENCFF827AAO/,/files/ENCFF520TCA/,/files/ENCFF240XWE/,/files/ENCFF227SKB/,/files/ENCFF323XPD/,/files/ENCFF515OFK/,/files/ENCFF920YDY/,/files/ENCFF766SQX/,/files/ENCFF007RFI/,/files/ENCFF671EUA/,/files/ENCFF710UKX/,/files/ENCFF513IVI/,/files/ENCFF693CBG/,/files/ENCFF517PLA/,/files/ENCFF346ZKW/,/files/ENCFF344YIO/,/files/ENCFF459XJF/	/gene-silencing-series/ENCSR325HIL/	ENCBS858EAQ,ENCBS645VXU	1,2	1		Homo sapiens	adult	48 years										/organisms/human/	/organisms/rice/	/replicates/f01ac951-e05e-4927-a566-70287bb1977f/,/replicates/11ee29ee-97f4-4179-92e3-25d9e1a5edbf/				capped RNA enrichment
/experiments/ENCSR990FJB/	ENCSR990FJB	PRO-cap	PRO-cap	cell line				Homo sapiens HCT116 genetically modified (insertion) using CRISPR inserting O. sativa LOC4335696, (insertion) using CRISPR targeting H. sapiens CDK7	HCT116	GEO:GSE219965	A run-on assay that precisely maps the transcription start sites genome-wide with high sensitivity and specificity in CDK7_U.	Haiyuan Yu, Cornell	ENCODE	released	/files/ENCFF771XAP/,/files/ENCFF021ZXT/,/files/ENCFF326MEM/,/files/ENCFF573UTA/,/files/ENCFF495RXA/,/files/ENCFF044PXN/,/files/ENCFF220HXI/,/files/ENCFF023ANM/,/files/ENCFF489TXL/,/files/ENCFF282FNJ/,/files/ENCFF249HMK/,/files/ENCFF091OHA/,/files/ENCFF414JAW/,/files/ENCFF694RPD/,/files/ENCFF338UDW/,/files/ENCFF580RXL/,/files/ENCFF178WKV/,/files/ENCFF263UCD/,/files/ENCFF692QPR/,/files/ENCFF050BQZ/,/files/ENCFF260QCB/,/files/ENCFF887JVU/,/files/ENCFF797RQJ/,/files/ENCFF651IMN/,/files/ENCFF461VXQ/	/gene-silencing-series/ENCSR486OWZ/	ENCBS876JPT,ENCBS286GJK	2,1	1		Homo sapiens	adult	48 years										/organisms/human/	/organisms/rice/	/replicates/f6b82c4e-3255-4860-9fef-88434b930f0d/,/replicates/3e12342c-f854-440c-9413-a9591a805d12/				capped RNA enrichment
/experiments/ENCSR261OWE/	ENCSR261OWE	PRO-cap	PRO-cap	cell line				Homo sapiens HCT116 genetically modified (insertion) using CRISPR inserting O. sativa LOC4335696, (insertion) using CRISPR targeting H. sapiens CTCF treated with 1 μM 5-Phenyl-1H-indole-3-acetic acid for 6 hours	HCT116	GEO:GSE219648	A run-on assay that precisely maps the transcription start sites genome-wide with high sensitivity and specificity in CTCF_T.	Haiyuan Yu, Cornell	ENCODE	released	/files/ENCFF002VVH/,/files/ENCFF422MIH/,/files/ENCFF459FEW/,/files/ENCFF783WPX/,/files/ENCFF385EVN/,/files/ENCFF740ZLH/,/files/ENCFF615OXX/,/files/ENCFF751UII/,/files/ENCFF810BKU/,/files/ENCFF390SZO/,/files/ENCFF817RJI/,/files/ENCFF033YUC/,/files/ENCFF133AJV/,/files/ENCFF435QPT/,/files/ENCFF166WEG/,/files/ENCFF302PGT/,/files/ENCFF034DJE/,/files/ENCFF750KKR/,/files/ENCFF516CIY/,/files/ENCFF687NPB/,/files/ENCFF719EOH/,/files/ENCFF312IWO/,/files/ENCFF450UBV/,/files/ENCFF930FSC/,/files/ENCFF661AXX/	/gene-silencing-series/ENCSR457BIQ/	ENCBS304XWN,ENCBS637VLU	2,1	1		Homo sapiens	adult	48 years	5-Phenyl-1H-indole-3-acetic acid		1	μM	6	hour				/organisms/human/	/organisms/rice/	/replicates/513f1dc1-f2e7-4322-8e32-5d727189183b/,/replicates/bf684e9f-4243-47e2-9e08-6acf7ed4fb18/				capped RNA enrichment
/experiments/ENCSR932TRR/	ENCSR932TRR	PRO-cap	PRO-cap	cell line				Homo sapiens HCT116 genetically modified (insertion) using CRISPR inserting O. sativa LOC4335696, (insertion) using CRISPR targeting H. sapiens SMARCA5	HCT116	GEO:GSE219924	A run-on assay that precisely maps the transcription start sites genome-wide with high sensitivity and specificity in SMARCA5_U.	Haiyuan Yu, Cornell	ENCODE	released	/files/ENCFF150QKZ/,/files/ENCFF229XDD/,/files/ENCFF785GXR/,/files/ENCFF591ELS/,/files/ENCFF499BSJ/,/files/ENCFF668SCS/,/files/ENCFF017ROD/,/files/ENCFF696SEH/,/files/ENCFF545AQK/,/files/ENCFF645JHH/,/files/ENCFF233TCJ/,/files/ENCFF851WII/,/files/ENCFF077NMG/,/files/ENCFF996WAK/,/files/ENCFF052YPA/,/files/ENCFF324IVI/,/files/ENCFF869VKD/,/files/ENCFF782MXJ/,/files/ENCFF963NDK/,/files/ENCFF670EXD/,/files/ENCFF138ZSL/,/files/ENCFF337QIN/,/files/ENCFF214LDX/,/files/ENCFF892XPY/,/files/ENCFF957DFO/	/gene-silencing-series/ENCSR697MCP/	ENCBS141BGY,ENCBS032AKF	1,2	1		Homo sapiens	adult	48 years										/organisms/human/	/organisms/rice/	/replicates/e8f06811-7769-48e1-b2be-f4d1fc2344c1/,/replicates/61c9cedf-c940-473d-b784-f2db153b720b/				capped RNA enrichment
/experiments/ENCSR604EBH/	ENCSR604EBH	PRO-cap	PRO-cap	cell line				Homo sapiens K562	K562	GEO:GSE219495	CoPRO experiment. A run-on assay was performed on captured nascent RNA with cap state selection. In this experiment, only capped nascent RNA was selected and no PCR amplification was done.	John Lis, Cornell	ENCODE	released	/files/ENCFF105KHX/,/files/ENCFF527UII/,/files/ENCFF666XUS/,/files/ENCFF353JVH/,/files/ENCFF188AKV/,/files/ENCFF618BLN/,/files/ENCFF863MEF/,/files/ENCFF947WHH/,/files/ENCFF214JPK/,/files/ENCFF038CED/,/files/ENCFF713YBG/,/files/ENCFF374XHF/,/files/ENCFF124AQO/,/files/ENCFF906OOH/,/files/ENCFF756QBX/,/files/ENCFF827JZR/,/files/ENCFF806IHJ/,/files/ENCFF461WON/,/files/ENCFF538JPG/,/files/ENCFF900CHQ/,/files/ENCFF929BQB/,/files/ENCFF303RQD/,/files/ENCFF183SSA/,/files/ENCFF526DGX/,/files/ENCFF670SVM/,/files/ENCFF227JQX/		ENCBS010FNJ,ENCBS853KVF	1,2	1,2		Homo sapiens	adult	53 years												/replicates/8a98b1d7-74a7-4aed-af0e-d0c52a6a2cde/,/replicates/baa10034-c132-4711-9319-221a3a6b0e92/,/replicates/e8075be1-15bf-4f7e-a424-b05874a0983b/,/replicates/dcf2b1ea-0538-4038-aa67-91a4c795d1e0/				capped RNA enrichment,PCR-free
/experiments/ENCSR124AWE/	ENCSR124AWE	PRO-cap	PRO-cap	cell line				Homo sapiens SUDHL5	SUDHL5		A run-on assay that precisely maps the transcription start sites genome-wide with high sensitivity and specificity in SU-DHL-5.	Haiyuan Yu, Cornell	ENCODE	released	/files/ENCFF757ZCO/,/files/ENCFF941RKE/,/files/ENCFF238DUR/,/files/ENCFF291FWH/,/files/ENCFF322UWJ/,/files/ENCFF646HUD/,/files/ENCFF780CWD/,/files/ENCFF248HFE/,/files/ENCFF378UKN/,/files/ENCFF981PND/,/files/ENCFF264SFZ/,/files/ENCFF797USK/,/files/ENCFF942OPG/,/files/ENCFF836NWL/,/files/ENCFF029UOG/		ENCBS857PEG,ENCBS802SHU	1,2	1		Homo sapiens	child	17 years												/replicates/93e09029-5ec4-4725-9868-286347f6def1/,/replicates/05e04dc7-28a3-45f0-bbbe-d2abf32fc6af/				capped RNA enrichment
/experiments/ENCSR548GOG/	ENCSR548GOG	PRO-cap	PRO-cap	tissue				Homo sapiens stomach tissue female adult (53 years)	stomach		A run-on assay that precisely maps the transcription start sites genome-wide with high sensitivity and specificity in Stomach.	Haiyuan Yu, Cornell	ENCODE	released	/files/ENCFF817KGE/,/files/ENCFF883BYW/,/files/ENCFF271JFN/,/files/ENCFF732HPK/,/files/ENCFF759YVA/,/files/ENCFF908FQE/,/files/ENCFF535WFG/,/files/ENCFF179EIM/,/files/ENCFF969SWP/,/files/ENCFF039RVY/,/files/ENCFF819XDC/,/files/ENCFF217VGJ/,/files/ENCFF219LDS/,/files/ENCFF037TGI/,/files/ENCFF851NUQ/,/files/ENCFF648KZI/,/files/ENCFF271DOZ/,/files/ENCFF012KBA/		ENCBS419PWQ	1	1,2		Homo sapiens	adult	53 years												/replicates/53b76b29-82ee-4057-b48d-8eebb25e57ec/,/replicates/fc93c36b-950e-45f0-ab7b-635d80f56a34/				capped RNA enrichment
/experiments/ENCSR973QQI/	ENCSR973QQI	PRO-cap	PRO-cap	cell line				Homo sapiens ReNcell CX	ReNcell CX		A run-on assay that precisely maps the transcription start sites genome-wide with high sensitivity and specificity in Neural progenitor cell line.	Haiyuan Yu, Cornell	ENCODE	released	/files/ENCFF918WDL/,/files/ENCFF898OPH/,/files/ENCFF277DCZ/,/files/ENCFF231NKW/,/files/ENCFF275VKY/,/files/ENCFF278VVE/,/files/ENCFF280ODG/,/files/ENCFF023HHS/,/files/ENCFF392OKR/,/files/ENCFF773MMG/,/files/ENCFF396ZBP/,/files/ENCFF944VIF/,/files/ENCFF499TTD/,/files/ENCFF405EDH/,/files/ENCFF002RAI/		ENCBS095TOT,ENCBS549ZMD	1,2	1		Homo sapiens	unknown													/replicates/d579d746-6b47-4dfe-bdb9-2da496ec4967/,/replicates/a19611be-f60d-41e7-a412-6c7e7e38426c/				capped RNA enrichment
/experiments/ENCSR473KVF/	ENCSR473KVF	PRO-cap	PRO-cap	cell line				Homo sapiens HEK293T genetically modified (insertion) using CRISPR targeting H. sapiens ZNF143	HEK293T		A run-on assay that precisely maps the transcription start sites genome-wide with high sensitivity and specificity in ZNF143_U cells.	Haiyuan Yu, Cornell	ENCODE	released	/files/ENCFF857WRM/,/files/ENCFF083KAZ/,/files/ENCFF698VUR/,/files/ENCFF572DOI/,/files/ENCFF096RQZ/,/files/ENCFF223MZO/,/files/ENCFF868VAY/,/files/ENCFF832FIZ/,/files/ENCFF592ZIW/,/files/ENCFF748BAF/,/files/ENCFF122LLU/,/files/ENCFF236QNQ/,/files/ENCFF707DRY/,/files/ENCFF814JPR/,/files/ENCFF624QBA/		ENCBS000SRU,ENCBS707ZIE	1,2	1		Homo sapiens	embryonic											/organisms/human/		/replicates/d928db65-c741-4105-b3ab-d53d8465df3a/,/replicates/16b4c0ab-9175-4e70-870a-cbbba0e77618/				capped RNA enrichment
/experiments/ENCSR382HFH/	ENCSR382HFH	PRO-cap	PRO-cap	primary cell				Homo sapiens peripheral blood mononuclear cell	peripheral blood mononuclear cell		A run-on assay that precisely maps the transcription start sites genome-wide with high sensitivity and specificity in PBMCs.	Haiyuan Yu, Cornell	ENCODE	released	/files/ENCFF299YKA/,/files/ENCFF186BBC/,/files/ENCFF598OCU/,/files/ENCFF734CNJ/,/files/ENCFF231QJC/,/files/ENCFF443PVE/,/files/ENCFF204WKJ/,/files/ENCFF609AFR/,/files/ENCFF391OGH/,/files/ENCFF503XOT/,/files/ENCFF637QXR/,/files/ENCFF942ZED/,/files/ENCFF653GEU/,/files/ENCFF899CIQ/,/files/ENCFF969NXK/,/files/ENCFF230VMX/,/files/ENCFF021DNZ/,/files/ENCFF242XVL/		ENCBS389KNX	1	2,1		Homo sapiens	unknown													/replicates/70949219-073c-492b-98e6-1570facbea03/,/replicates/c2c9be5b-5603-4f5b-8168-6aa3a1572d05/				capped RNA enrichment
/experiments/ENCSR624CVP/	ENCSR624CVP	PRO-cap	PRO-cap	tissue				Homo sapiens peritoneum tissue female adult (53 years)	peritoneum		A run-on assay that precisely maps the transcription start sites genome-wide with high sensitivity and specificity in Peritoneum.	Haiyuan Yu, Cornell	ENCODE	released	/files/ENCFF514HVJ/,/files/ENCFF853ACC/,/files/ENCFF805MFE/,/files/ENCFF113FBY/,/files/ENCFF006UQB/,/files/ENCFF242QFF/,/files/ENCFF990VMY/,/files/ENCFF928KSP/,/files/ENCFF023ADD/,/files/ENCFF746NOB/,/files/ENCFF316GFV/,/files/ENCFF902CXQ/,/files/ENCFF716DNG/,/files/ENCFF730IUH/,/files/ENCFF309LIZ/,/files/ENCFF721NEX/,/files/ENCFF786NRN/,/files/ENCFF760FVH/,/files/ENCFF789WJU/,/files/ENCFF072HIP/,/files/ENCFF841UJB/		ENCBS305SJJ	1	1,2		Homo sapiens	adult	53 years												/replicates/fc914127-2717-4936-949b-d146ce633493/,/replicates/265c70d5-6936-4c2a-a814-dcd8dfcc0cd2/				capped RNA enrichment
/experiments/ENCSR575EOB/	ENCSR575EOB	PRO-cap	PRO-cap	tissue				Homo sapiens Metastatic Breast Carcinoma in the Brain tissue female adult (41 years)	Metastatic Breast Carcinoma in the Brain		A run-on assay that precisely maps the transcription start sites genome-wide with high sensitivity and specificity in Metastatic breast cancer to brain.	Haiyuan Yu, Cornell	ENCODE	released	/files/ENCFF840TNV/,/files/ENCFF118XYV/,/files/ENCFF243EJM/,/files/ENCFF265GQT/,/files/ENCFF932CVT/,/files/ENCFF890ATN/,/files/ENCFF695OFI/,/files/ENCFF615ALX/,/files/ENCFF121MGB/,/files/ENCFF783ELT/,/files/ENCFF152ZRN/,/files/ENCFF398ZGQ/,/files/ENCFF436CNJ/,/files/ENCFF956ALB/,/files/ENCFF555ZMX/		ENCBS898YTR	1	1,2		Homo sapiens	adult	41 years												/replicates/c37bfdb4-8ae8-4ac4-b693-93fa843190ac/,/replicates/a65b3acf-3bdb-4b79-a3fa-e1574334226f/				capped RNA enrichment
/experiments/ENCSR701MOE/	ENCSR701MOE	PRO-cap	PRO-cap	primary cell				Homo sapiens with type 1 diabetes mellitus; T-cell female adult (19 years)	T-cell		A run-on assay that precisely maps the transcription start sites genome-wide with high sensitivity and specificity in T cells from T1D donor.	Haiyuan Yu, Cornell	ENCODE	released	/files/ENCFF979OUD/,/files/ENCFF567DGL/,/files/ENCFF967WEI/,/files/ENCFF526SFA/,/files/ENCFF224WRP/,/files/ENCFF248NZO/,/files/ENCFF489GXH/,/files/ENCFF361XXF/,/files/ENCFF985UXK/		ENCBS283POP	1	1		Homo sapiens	adult	19 years												/replicates/c9166512-440c-4ff8-aaa3-58ecc040b605/				capped RNA enrichment
/experiments/ENCSR657PSE/	ENCSR657PSE	PRO-cap	PRO-cap	tissue				Homo sapiens aorta tissue female adult (41 years)	aorta		A run-on assay that precisely maps the transcription start sites genome-wide with high sensitivity and specificity in Aorta.	Haiyuan Yu, Cornell	ENCODE	released	/files/ENCFF168WNQ/,/files/ENCFF071QXV/,/files/ENCFF393VRJ/,/files/ENCFF962YBD/,/files/ENCFF645ISB/,/files/ENCFF579BFM/,/files/ENCFF958YAX/,/files/ENCFF429HWK/,/files/ENCFF181BIF/,/files/ENCFF045RVO/,/files/ENCFF781AVI/,/files/ENCFF236DMO/,/files/ENCFF165ICR/,/files/ENCFF987SRN/,/files/ENCFF090ZNU/		ENCBS756FTG	1	1,2		Homo sapiens	adult	41 years												/replicates/148554e4-bcd0-464a-8746-8171e8f420e8/,/replicates/611b1737-ffb6-482d-82be-7503617f1fe4/				capped RNA enrichment
/experiments/ENCSR472ETC/	ENCSR472ETC	PRO-cap	PRO-cap	tissue				Homo sapiens fallopian tube tissue female adult (46 years)	fallopian tube		A run-on assay that precisely maps the transcription start sites genome-wide with high sensitivity and specificity in Fallopian tube.	Haiyuan Yu, Cornell	ENCODE	released	/files/ENCFF868DTH/,/files/ENCFF923XMR/,/files/ENCFF499BQY/,/files/ENCFF994WWT/,/files/ENCFF620STL/,/files/ENCFF714EBZ/,/files/ENCFF442CWY/,/files/ENCFF477WPU/,/files/ENCFF100LON/,/files/ENCFF791SXO/,/files/ENCFF897POV/,/files/ENCFF759JAR/,/files/ENCFF966LIU/,/files/ENCFF156RYG/,/files/ENCFF148FXW/		ENCBS381HCL	1	1,2		Homo sapiens	adult	46 years												/replicates/485375d3-cd90-4750-b7f5-a222ef78659a/,/replicates/d08e7ddf-84e4-4986-8dff-55968bf8ae1c/				capped RNA enrichment
/experiments/ENCSR077MAX/	ENCSR077MAX	PRO-cap	PRO-cap	tissue				Homo sapiens tibial nerve tissue male adult (37 years)	tibial nerve		A run-on assay that precisely maps the transcription start sites genome-wide with high sensitivity and specificity in Tibial nerve.	Haiyuan Yu, Cornell	ENCODE	released	/files/ENCFF035DYQ/,/files/ENCFF468NYB/,/files/ENCFF658RXD/,/files/ENCFF324KDK/,/files/ENCFF819HJH/,/files/ENCFF258NMC/,/files/ENCFF020GTA/,/files/ENCFF574YST/,/files/ENCFF170GZE/,/files/ENCFF591GHV/,/files/ENCFF134LEW/,/files/ENCFF983ETN/,/files/ENCFF622ABN/,/files/ENCFF534YXP/,/files/ENCFF923UFT/,/files/ENCFF927RRT/,/files/ENCFF612FYL/,/files/ENCFF742UMD/		ENCBS970NUD	1	1,2		Homo sapiens	adult	37 years												/replicates/d2e84d0c-8e71-4819-a9d7-044338de1581/,/replicates/5a74e07f-c47d-43d5-89f1-a2edca40b17b/				capped RNA enrichment
/experiments/ENCSR426RMA/	ENCSR426RMA	PRO-cap	PRO-cap	tissue				Homo sapiens heart left ventricle tissue male adult (40 years)	heart left ventricle		A run-on assay that precisely maps the transcription start sites genome-wide with high sensitivity and specificity in Left ventricle of heart.	Haiyuan Yu, Cornell	ENCODE	released	/files/ENCFF890BPK/,/files/ENCFF268IFE/,/files/ENCFF143TWX/,/files/ENCFF233HEI/,/files/ENCFF103ZQD/,/files/ENCFF206LDJ/,/files/ENCFF863YZX/,/files/ENCFF602WQH/,/files/ENCFF057YUL/,/files/ENCFF369UUR/,/files/ENCFF842VJY/,/files/ENCFF731YCW/,/files/ENCFF625DUV/,/files/ENCFF595YBK/,/files/ENCFF717UAV/		ENCBS919EGV	1	1,2		Homo sapiens	adult	40 years												/replicates/fb5c5a3d-78ee-465e-92b5-79b1c742e736/,/replicates/8a19a4e5-f1c1-40a0-9bff-aa835c402d43/				capped RNA enrichment
/experiments/ENCSR489FZB/	ENCSR489FZB	PRO-cap	PRO-cap	primary cell				Homo sapiens T-cell	T-cell		A run-on assay that precisely maps the transcription start sites genome-wide with high sensitivity and specificity in Pan T cells.	Haiyuan Yu, Cornell	ENCODE	released	/files/ENCFF169VFI/,/files/ENCFF101GNS/,/files/ENCFF462ILH/,/files/ENCFF064ZYS/,/files/ENCFF759GZR/,/files/ENCFF687EVW/,/files/ENCFF042SSA/,/files/ENCFF002VFU/,/files/ENCFF678TOK/,/files/ENCFF759MHE/,/files/ENCFF474OLX/,/files/ENCFF718SOM/,/files/ENCFF360ZAN/,/files/ENCFF858ECA/,/files/ENCFF080BBD/		ENCBS041PZF	1	2,1		Homo sapiens	unknown													/replicates/310e96aa-eaef-4581-b889-7a1e10aa043b/,/replicates/c8aa3fb9-3b75-4244-ade7-3f6ac7d1baa6/				capped RNA enrichment
/experiments/ENCSR683FOJ/	ENCSR683FOJ	PRO-cap	PRO-cap	tissue				Homo sapiens mesenteric fat pad tissue female adult (59 years)	mesenteric fat pad		A run-on assay that precisely maps the transcription start sites genome-wide with high sensitivity and specificity in Mesenteric fat pad.	Haiyuan Yu, Cornell	ENCODE	released	/files/ENCFF294WEW/,/files/ENCFF880LRK/,/files/ENCFF554JOR/,/files/ENCFF318BHV/,/files/ENCFF950OTM/,/files/ENCFF307VCY/,/files/ENCFF004QMM/,/files/ENCFF207NSU/,/files/ENCFF986KSQ/,/files/ENCFF429PYH/,/files/ENCFF347CZQ/,/files/ENCFF942QKW/,/files/ENCFF170COJ/,/files/ENCFF155MNG/,/files/ENCFF049CPX/,/files/ENCFF402EFB/,/files/ENCFF672FFB/,/files/ENCFF635IKU/,/files/ENCFF543SDK/,/files/ENCFF865TFQ/,/files/ENCFF521ERU/		ENCBS656PPO	1	1,2		Homo sapiens	adult	59 years												/replicates/73a0bb6d-724e-488c-a931-55b447c5b4e4/,/replicates/fa60ef59-3095-4ec3-b641-9b6492843feb/				capped RNA enrichment
/experiments/ENCSR683YVU/	ENCSR683YVU	PRO-cap	PRO-cap	primary cell				Homo sapiens helper T cell	helper T cell		A run-on assay that precisely maps the transcription start sites genome-wide with high sensitivity and specificity in Helper T cells.	Haiyuan Yu, Cornell	ENCODE	released	/files/ENCFF501OMN/,/files/ENCFF937IDW/,/files/ENCFF946FJQ/,/files/ENCFF462RWY/,/files/ENCFF818POR/,/files/ENCFF222RHE/,/files/ENCFF008WPN/,/files/ENCFF992XYC/,/files/ENCFF198LRK/,/files/ENCFF334LNW/,/files/ENCFF345VXE/,/files/ENCFF149SDN/,/files/ENCFF454ZGK/,/files/ENCFF436DAJ/,/files/ENCFF160QMF/		ENCBS080MOL	1	1,2		Homo sapiens	unknown													/replicates/747a748c-e76d-4ea4-af46-805dfae2cc6c/,/replicates/ab2c01c9-f0ad-4e25-bfa1-151dc67e9a89/				capped RNA enrichment
/experiments/ENCSR574ZMF/	ENCSR574ZMF	PRO-cap	PRO-cap	tissue				Homo sapiens ovary tissue female adult (59 years)	ovary		A run-on assay that precisely maps the transcription start sites genome-wide with high sensitivity and specificity in Ovary.	Haiyuan Yu, Cornell	ENCODE	released	/files/ENCFF511DIK/,/files/ENCFF619KIE/,/files/ENCFF855XNV/,/files/ENCFF499IJP/,/files/ENCFF557CKI/,/files/ENCFF351LUA/,/files/ENCFF437RPB/,/files/ENCFF193STE/,/files/ENCFF496NGC/,/files/ENCFF416IGU/,/files/ENCFF939MIJ/,/files/ENCFF833UDI/,/files/ENCFF224OLF/,/files/ENCFF828GEC/,/files/ENCFF968BMQ/		ENCBS691NKR	1	1,2		Homo sapiens	adult	59 years												/replicates/1d0e2dbd-4c72-407c-93cf-a62070e0f180/,/replicates/7ac914a1-fa04-4e95-a8aa-03e76a8e697c/				capped RNA enrichment
/experiments/ENCSR245UIS/	ENCSR245UIS	PRO-cap	PRO-cap	cell line				Homo sapiens Karpas-422	Karpas-422		A run-on assay that precisely maps the transcription start sites genome-wide with high sensitivity and specificity in KARPAS-422.	Haiyuan Yu, Cornell	ENCODE	released	/files/ENCFF295DRD/,/files/ENCFF285MVP/,/files/ENCFF489OXU/,/files/ENCFF091ANQ/,/files/ENCFF534QEW/,/files/ENCFF579GOH/,/files/ENCFF738OWS/,/files/ENCFF963TFY/,/files/ENCFF790UTG/,/files/ENCFF126ZBC/,/files/ENCFF154LAF/,/files/ENCFF382EUX/,/files/ENCFF261DHR/,/files/ENCFF429PJV/,/files/ENCFF722UJI/		ENCBS291XTK,ENCBS097KLE	1,2	1		Homo sapiens	adult	72 years												/replicates/bcaeb9c9-a143-4493-b099-6dddbc3eb3b2/,/replicates/3d6d791c-0ce0-4689-9c78-e567b10f8fbf/				capped RNA enrichment
/experiments/ENCSR836XBB/	ENCSR836XBB	PRO-cap	PRO-cap	tissue				Homo sapiens rectum tissue	rectum		A run-on assay that precisely maps the transcription start sites genome-wide with high sensitivity and specificity in Rectum.	Haiyuan Yu, Cornell	ENCODE	released	/files/ENCFF936JSE/,/files/ENCFF726MIY/,/files/ENCFF875OBR/,/files/ENCFF679KWH/,/files/ENCFF251TEV/,/files/ENCFF907FPW/,/files/ENCFF011PSV/,/files/ENCFF478JJV/,/files/ENCFF662ZMW/,/files/ENCFF937HSR/,/files/ENCFF077BMQ/,/files/ENCFF878ZES/,/files/ENCFF407YYL/,/files/ENCFF640KXN/,/files/ENCFF584MRU/		ENCBS179BHV	1	1,2		Homo sapiens	unknown													/replicates/cbb6dc8e-20df-4b19-addb-4d7ccda63a6f/,/replicates/157f4149-8304-47ad-8352-09d7d1927dbb/				capped RNA enrichment
/experiments/ENCSR526QVD/	ENCSR526QVD	PRO-cap	PRO-cap	tissue				Homo sapiens ureter tissue female adult (53 years)	ureter		A run-on assay that precisely maps the transcription start sites genome-wide with high sensitivity and specificity in Ureter.	Haiyuan Yu, Cornell	ENCODE	released	/files/ENCFF770QFM/,/files/ENCFF540JOQ/,/files/ENCFF232TIH/,/files/ENCFF697WHD/,/files/ENCFF480DHO/,/files/ENCFF811KXD/,/files/ENCFF044IYL/,/files/ENCFF810CRT/,/files/ENCFF266OEJ/,/files/ENCFF749DXJ/,/files/ENCFF082QRR/,/files/ENCFF923IQF/,/files/ENCFF015HOZ/,/files/ENCFF996NXR/,/files/ENCFF744ZAH/,/files/ENCFF855BUW/,/files/ENCFF242TUF/,/files/ENCFF304XVE/		ENCBS635FFZ	1	2,1		Homo sapiens	adult	53 years												/replicates/2130c771-64b9-4dfd-882d-6582d266ebd1/,/replicates/d5b3a316-e065-49ba-b0fa-0f6ffab630e4/				capped RNA enrichment
/experiments/ENCSR876AEQ/	ENCSR876AEQ	PRO-cap	PRO-cap	tissue				Homo sapiens Metastatic Liver Carcinoma in the Adrenal Gland tissue female adult (30 years)	Metastatic Liver Carcinoma in the Adrenal Gland		A run-on assay that precisely maps the transcription start sites genome-wide with high sensitivity and specificity in Metastatic liver cancer to adrenal gland.	Haiyuan Yu, Cornell	ENCODE	released	/files/ENCFF813BPO/,/files/ENCFF167PIQ/,/files/ENCFF388VDE/,/files/ENCFF963NOS/,/files/ENCFF165NZD/,/files/ENCFF498JCP/,/files/ENCFF358TBT/,/files/ENCFF817MVI/,/files/ENCFF444TKR/		ENCBS240MIF	1	1		Homo sapiens	adult	30 years												/replicates/ae59bb85-9798-40f4-8ce7-1575ca378ef2/				capped RNA enrichment
/experiments/ENCSR229XTQ/	ENCSR229XTQ	PRO-cap	PRO-cap	tissue				Homo sapiens skeletal muscle tissue tissue male adult (59 years)	skeletal muscle tissue		A run-on assay that precisely maps the transcription start sites genome-wide with high sensitivity and specificity in Skeletal muscle of leg.	Haiyuan Yu, Cornell	ENCODE	released	/files/ENCFF075PRH/,/files/ENCFF424QGS/,/files/ENCFF164AQE/,/files/ENCFF538VFW/,/files/ENCFF179CHK/,/files/ENCFF611VXA/,/files/ENCFF996OQM/,/files/ENCFF094GHD/,/files/ENCFF090LFK/,/files/ENCFF191TIR/,/files/ENCFF980EBT/,/files/ENCFF258BKO/,/files/ENCFF703JTP/,/files/ENCFF095CBV/,/files/ENCFF025HGY/		ENCBS843ATN	1	2,1		Homo sapiens	adult	59 years												/replicates/96c3b4e0-694c-4d05-bada-bab529f18b71/,/replicates/ad81bb90-dd17-43ba-8384-c544c00a410b/				capped RNA enrichment
/experiments/ENCSR659YNL/	ENCSR659YNL	PRO-cap	PRO-cap	tissue				Homo sapiens left lung tissue male adult (40 years)	left lung		A run-on assay that precisely maps the transcription start sites genome-wide with high sensitivity and specificity in Left lung.	Haiyuan Yu, Cornell	ENCODE	released	/files/ENCFF647DOF/,/files/ENCFF094HIK/,/files/ENCFF670ETV/,/files/ENCFF200QOU/,/files/ENCFF791RDY/,/files/ENCFF817TKT/,/files/ENCFF106CQL/,/files/ENCFF533FIX/,/files/ENCFF837NTR/,/files/ENCFF909UZJ/,/files/ENCFF275EBE/,/files/ENCFF675AQH/,/files/ENCFF690WCT/,/files/ENCFF672HAC/,/files/ENCFF133HUW/,/files/ENCFF261DRW/,/files/ENCFF576UMT/,/files/ENCFF265BLX/		ENCBS638KJS	1	1,2		Homo sapiens	adult	40 years												/replicates/2cec2836-1371-4da0-b853-d686fda5813e/,/replicates/1ebb58e9-ff66-4cf8-b726-854cd8ed2296/				capped RNA enrichment
/experiments/ENCSR282IJP/	ENCSR282IJP	PRO-cap	PRO-cap	primary cell				Homo sapiens neutrophil	neutrophil		A run-on assay that precisely maps the transcription start sites genome-wide with high sensitivity and specificity in Neutrophils.	Haiyuan Yu, Cornell	ENCODE	released	/files/ENCFF724AEP/,/files/ENCFF750IDW/,/files/ENCFF495RWF/,/files/ENCFF600MGG/,/files/ENCFF697OED/,/files/ENCFF110DDP/,/files/ENCFF017QOW/,/files/ENCFF330IOQ/,/files/ENCFF915UZG/,/files/ENCFF638DKB/,/files/ENCFF070FSW/,/files/ENCFF055CSY/,/files/ENCFF860BMP/,/files/ENCFF600JDB/,/files/ENCFF752CNO/,/files/ENCFF267WPQ/,/files/ENCFF202HXX/,/files/ENCFF662RXL/,/files/ENCFF045CDF/,/files/ENCFF171NUW/,/files/ENCFF026GHV/		ENCBS017TTY	1	1,2		Homo sapiens	unknown													/replicates/cde4dc48-1ce0-4592-b013-61407477db36/,/replicates/c7467cfb-7eed-4bf9-a7ed-7a4f253c774d/				capped RNA enrichment
/experiments/ENCSR888DKJ/	ENCSR888DKJ	PRO-cap	PRO-cap	tissue				Homo sapiens Metastatic Breast Carcinoma in the Brain tissue female adult (67 years)	Metastatic Breast Carcinoma in the Brain		A run-on assay that precisely maps the transcription start sites genome-wide with high sensitivity and specificity in Metastatic breast cancer to brain.	Haiyuan Yu, Cornell	ENCODE	released	/files/ENCFF832MJJ/,/files/ENCFF841ACR/,/files/ENCFF024HLO/,/files/ENCFF813XZL/,/files/ENCFF848YRU/,/files/ENCFF604VEY/,/files/ENCFF932XHA/,/files/ENCFF213WMG/,/files/ENCFF723MKO/,/files/ENCFF769IGI/,/files/ENCFF775CRX/,/files/ENCFF067NMD/,/files/ENCFF554JUS/,/files/ENCFF842QOL/,/files/ENCFF174TVG/		ENCBS005MKC	1	1,2		Homo sapiens	adult	67 years												/replicates/7fb222a6-278c-4136-b082-a53024c602db/,/replicates/c3bdc8cd-d4b0-4a88-8f48-657c2c6078de/				capped RNA enrichment
/experiments/ENCSR754LBG/	ENCSR754LBG	PRO-cap	PRO-cap	tissue				Homo sapiens duodenum tissue female adult (70 years)	duodenum		A run-on assay that precisely maps the transcription start sites genome-wide with high sensitivity and specificity in Duodenum.	Haiyuan Yu, Cornell	ENCODE	released	/files/ENCFF020XKO/,/files/ENCFF568PVE/,/files/ENCFF951CRH/,/files/ENCFF280ENC/,/files/ENCFF171SBF/,/files/ENCFF656JMN/,/files/ENCFF387KWN/,/files/ENCFF522QKS/,/files/ENCFF786JJG/,/files/ENCFF386BWD/,/files/ENCFF325KUT/,/files/ENCFF410HCA/,/files/ENCFF330APO/,/files/ENCFF860LNL/,/files/ENCFF242XXV/,/files/ENCFF386AAF/,/files/ENCFF701OCZ/,/files/ENCFF720GVK/		ENCBS407HQL	1	1,2		Homo sapiens	adult	70 years												/replicates/e0675faf-c0a2-4977-8ac5-8998ed803590/,/replicates/dfc62619-d803-4a74-b8f5-c853f8b723e3/				capped RNA enrichment
/experiments/ENCSR250REI/	ENCSR250REI	PRO-cap	PRO-cap	primary cell				Homo sapiens peripheral blood mononuclear cell	peripheral blood mononuclear cell		A run-on assay that precisely maps the transcription start sites genome-wide with high sensitivity and specificity in PBMCs.	Haiyuan Yu, Cornell	ENCODE	released	/files/ENCFF176KTI/,/files/ENCFF006HYH/,/files/ENCFF049PKU/,/files/ENCFF175LEX/,/files/ENCFF216FGM/,/files/ENCFF623GTA/,/files/ENCFF909UMG/,/files/ENCFF462HIZ/,/files/ENCFF886XFP/,/files/ENCFF232QGY/,/files/ENCFF786MWN/,/files/ENCFF621BGR/,/files/ENCFF262LYL/,/files/ENCFF415CTT/,/files/ENCFF083WMU/		ENCBS379BLO	1	2,1		Homo sapiens	unknown													/replicates/75f2e39b-5b8d-4815-96bc-d98090f604d1/,/replicates/05502df0-ef1d-4d2d-8d7b-32a4dff9def8/				capped RNA enrichment
/experiments/ENCSR180NBV/	ENCSR180NBV	PRO-cap	PRO-cap	tissue				Homo sapiens Metastatic Breast Carcinoma in the Brain tissue female adult (71 years)	Metastatic Breast Carcinoma in the Brain		A run-on assay that precisely maps the transcription start sites genome-wide with high sensitivity and specificity in Metastatic breast cancer to brain.	Haiyuan Yu, Cornell	ENCODE	released	/files/ENCFF518QJX/,/files/ENCFF493IMH/,/files/ENCFF728WTV/,/files/ENCFF235ICH/,/files/ENCFF014FIE/,/files/ENCFF328OHK/,/files/ENCFF749YOY/,/files/ENCFF640EJZ/,/files/ENCFF987XPA/,/files/ENCFF745ZQQ/,/files/ENCFF861BFJ/,/files/ENCFF970IFE/,/files/ENCFF218HXB/,/files/ENCFF340OFE/,/files/ENCFF975MJC/		ENCBS051FDW	1	1,2		Homo sapiens	adult	71 years												/replicates/d979b469-14a5-437c-9f8c-800303f2da89/,/replicates/aacb8976-619d-4759-a032-e37528c9f6c0/				capped RNA enrichment
/experiments/ENCSR739MOQ/	ENCSR739MOQ	PRO-cap	PRO-cap	tissue				Homo sapiens body of pancreas tissue female adult (53 years)	body of pancreas		A run-on assay that precisely maps the transcription start sites genome-wide with high sensitivity and specificity in Body of pancreas.	Haiyuan Yu, Cornell	ENCODE	released	/files/ENCFF689SVT/,/files/ENCFF958IPJ/,/files/ENCFF155TQM/,/files/ENCFF506RGF/,/files/ENCFF619ZEI/,/files/ENCFF561KNK/,/files/ENCFF315OZO/,/files/ENCFF485PPV/,/files/ENCFF556IRY/,/files/ENCFF769ZBG/,/files/ENCFF424FQO/,/files/ENCFF678CKL/,/files/ENCFF114QKA/,/files/ENCFF254EBK/,/files/ENCFF068BOD/,/files/ENCFF211ELC/,/files/ENCFF292ZGG/,/files/ENCFF123CPJ/		ENCBS759PYS	1	1,2		Homo sapiens	adult	53 years												/replicates/bc62a6ce-2b0c-4977-a8b2-0156b081eca7/,/replicates/e0275be5-1ee6-4758-aedd-6695e68168f5/				capped RNA enrichment
/experiments/ENCSR117JKC/	ENCSR117JKC	PRO-cap	PRO-cap	tissue				Homo sapiens trachea tissue male adult (54 years)	trachea		A run-on assay that precisely maps the transcription start sites genome-wide with high sensitivity and specificity in Trachea.	Haiyuan Yu, Cornell	ENCODE	released	/files/ENCFF973DPP/,/files/ENCFF029CFD/,/files/ENCFF972TGI/,/files/ENCFF096VIP/,/files/ENCFF608RDN/,/files/ENCFF468NFL/,/files/ENCFF517UEU/,/files/ENCFF852BOG/,/files/ENCFF910OZE/,/files/ENCFF622ADK/,/files/ENCFF081ALI/,/files/ENCFF205FFQ/,/files/ENCFF867VHZ/,/files/ENCFF132UQF/,/files/ENCFF235ZNX/,/files/ENCFF757LKT/,/files/ENCFF431OYJ/,/files/ENCFF858ORG/		ENCBS106IJH	1	2,1		Homo sapiens	adult	54 years												/replicates/e91278d8-0f4d-41e3-96d1-b7bee100ed11/,/replicates/d4db0e7a-c0b9-4083-8266-2db4fbebadb7/				capped RNA enrichment
/experiments/ENCSR008TSD/	ENCSR008TSD	PRO-cap	PRO-cap	tissue				Homo sapiens Metastatic Breast Carcinoma in the Brain tissue female adult (42 years)	Metastatic Breast Carcinoma in the Brain		A run-on assay that precisely maps the transcription start sites genome-wide with high sensitivity and specificity in Metastatic breast cancer to brain.	Haiyuan Yu, Cornell	ENCODE	released	/files/ENCFF959CJS/,/files/ENCFF332GPU/,/files/ENCFF189KQV/,/files/ENCFF668RPO/,/files/ENCFF640ADH/,/files/ENCFF962STL/,/files/ENCFF821ZDC/,/files/ENCFF359ZKW/,/files/ENCFF259HSJ/,/files/ENCFF936QNE/,/files/ENCFF874YTX/,/files/ENCFF855VJO/,/files/ENCFF591RHY/,/files/ENCFF925HTS/,/files/ENCFF307SGO/		ENCBS537UKE	1	1,2		Homo sapiens	adult	42 years												/replicates/89fd4109-61bc-4b66-96f4-5344f0ab0936/,/replicates/b5fb7bba-39f6-4066-b0d3-12d8e4140c7a/				capped RNA enrichment
/experiments/ENCSR723JIC/	ENCSR723JIC	PRO-cap	PRO-cap	primary cell				Homo sapiens peripheral blood mononuclear cell	peripheral blood mononuclear cell		A run-on assay that precisely maps the transcription start sites genome-wide with high sensitivity and specificity in PBMCs.	Haiyuan Yu, Cornell	ENCODE	released	/files/ENCFF324ISK/,/files/ENCFF636YLO/,/files/ENCFF592LYU/,/files/ENCFF421XTW/,/files/ENCFF726QSZ/,/files/ENCFF284KUE/,/files/ENCFF226BWZ/,/files/ENCFF047BDT/,/files/ENCFF574JPC/,/files/ENCFF291LMW/,/files/ENCFF708LNZ/,/files/ENCFF283MOB/,/files/ENCFF725IBR/,/files/ENCFF385XLW/,/files/ENCFF269LSH/		ENCBS460FKT	1	1,2		Homo sapiens	unknown													/replicates/f9f5025d-072a-4962-81ea-be301cbf4783/,/replicates/76534209-657f-420f-b86b-712f430d85f7/				capped RNA enrichment
/experiments/ENCSR980TGS/	ENCSR980TGS	PRO-cap	PRO-cap	tissue				Homo sapiens Metastatic Breast Carcinoma in the Brain tissue female adult (51 years)	Metastatic Breast Carcinoma in the Brain		A run-on assay that precisely maps the transcription start sites genome-wide with high sensitivity and specificity in Metastatic breast cancer to brain.	Haiyuan Yu, Cornell	ENCODE	released	/files/ENCFF489YNK/,/files/ENCFF095EJJ/,/files/ENCFF971CVW/,/files/ENCFF791SHD/,/files/ENCFF644DXP/,/files/ENCFF621AOX/,/files/ENCFF855JPS/,/files/ENCFF265NWQ/,/files/ENCFF377DCZ/,/files/ENCFF996HWK/,/files/ENCFF059AZM/,/files/ENCFF468DVE/,/files/ENCFF935PUI/,/files/ENCFF670YYQ/,/files/ENCFF629WMW/		ENCBS876SNI	1	1,2		Homo sapiens	adult	51 years												/replicates/91c4df2e-c12f-4fe2-a0e2-8cad47ccaab3/,/replicates/36431368-4eff-4892-8416-490d1fbbbfca/				capped RNA enrichment
/experiments/ENCSR083AMN/	ENCSR083AMN	PRO-cap	PRO-cap	primary cell				Homo sapiens B cell	B cell		A run-on assay that precisely maps the transcription start sites genome-wide with high sensitivity and specificity in B cells.	Haiyuan Yu, Cornell	ENCODE	released	/files/ENCFF010HSV/,/files/ENCFF759OKK/,/files/ENCFF677NUO/,/files/ENCFF567QFJ/,/files/ENCFF953ZRW/,/files/ENCFF955PYG/,/files/ENCFF522WAD/,/files/ENCFF843PNA/,/files/ENCFF746KYF/,/files/ENCFF408NIK/,/files/ENCFF812MRP/,/files/ENCFF074SSA/,/files/ENCFF656RWQ/,/files/ENCFF487EJI/,/files/ENCFF990HRK/		ENCBS047VKV	1	2,1		Homo sapiens	unknown													/replicates/e9c157b0-92ed-4aaa-923a-06f52af0d1ed/,/replicates/52702ce7-5fa2-478e-985b-93fa9708ba86/				capped RNA enrichment
/experiments/ENCSR756TPG/	ENCSR756TPG	PRO-cap	PRO-cap	cell line				Homo sapiens K562	K562	GEO:GSE219707	CoPRO experiment. A run-on assay was performed on captured nascent RNA with cap state selection. In this experiment, both capped and uncapped nascent RNA was selected and no PCR amplification was done.	John Lis, Cornell	ENCODE	released	/files/ENCFF643CLM/,/files/ENCFF856XTF/,/files/ENCFF510RFH/,/files/ENCFF589UFV/,/files/ENCFF803QZC/,/files/ENCFF659BDG/,/files/ENCFF705AVL/,/files/ENCFF154LVP/,/files/ENCFF521NNL/,/files/ENCFF035ZNB/,/files/ENCFF824DCJ/,/files/ENCFF332ADT/,/files/ENCFF517IIF/,/files/ENCFF026ODK/,/files/ENCFF759VWR/,/files/ENCFF142RGH/,/files/ENCFF823JCH/,/files/ENCFF253KQJ/,/files/ENCFF633USA/,/files/ENCFF658HRY/,/files/ENCFF848KKP/,/files/ENCFF182HUP/,/files/ENCFF384ZQJ/,/files/ENCFF366DPV/,/files/ENCFF200THH/,/files/ENCFF106YWP/		ENCBS059DTN,ENCBS223MNJ	2,1	1,2		Homo sapiens	adult	53 years												/replicates/c596f209-5649-4740-850f-e65955b0832e/,/replicates/f3473d94-205c-4c8a-ace6-254f72ae2cde/,/replicates/a781dfa3-6d53-4c02-b076-75f0587c00bc/,/replicates/479a5426-2503-4c60-9ae7-eec7cc3a9ae7/				capped RNA enrichment,uncapped RNA enrichment,PCR-free
/experiments/ENCSR089CQL/	ENCSR089CQL	PRO-cap	PRO-cap	primary cell				Homo sapiens with type 1 diabetes mellitus; T-cell female adult (29 years)	T-cell		A run-on assay that precisely maps the transcription start sites genome-wide with high sensitivity and specificity in T cells from T1D donor.	Haiyuan Yu, Cornell	ENCODE	released	/files/ENCFF270KWL/,/files/ENCFF465MVR/,/files/ENCFF158FON/,/files/ENCFF985KVH/,/files/ENCFF761RFA/,/files/ENCFF481YXT/,/files/ENCFF508DPZ/,/files/ENCFF187MOI/,/files/ENCFF169JLV/		ENCBS691QEE	1	1		Homo sapiens	adult	29 years												/replicates/935508e4-a636-4dab-9b30-eaa76e2f7dac/				capped RNA enrichment
/experiments/ENCSR294JPW/	ENCSR294JPW	PRO-cap	PRO-cap	tissue				Homo sapiens left ventricle myocardium tissue male adult (37 years)	left ventricle myocardium		A run-on assay that precisely maps the transcription start sites genome-wide with high sensitivity and specificity in Left ventricle myocardium inferior of heart.	Haiyuan Yu, Cornell	ENCODE	released	/files/ENCFF574JOI/,/files/ENCFF294QRN/,/files/ENCFF496PWQ/,/files/ENCFF620NFA/,/files/ENCFF355LUU/,/files/ENCFF520ZVE/,/files/ENCFF926UJH/,/files/ENCFF560VKH/,/files/ENCFF371NWA/,/files/ENCFF132ZEW/,/files/ENCFF450AJG/,/files/ENCFF815EOY/,/files/ENCFF667XMA/,/files/ENCFF697YHC/,/files/ENCFF522YDK/,/files/ENCFF186IJY/,/files/ENCFF359ZDQ/,/files/ENCFF875SGP/		ENCBS600RQY	1	1,2		Homo sapiens	adult	37 years												/replicates/07b95d7d-4bf7-4d56-8a38-70fd85bb31c9/,/replicates/c7307e0b-d372-4cf2-beb5-6037d4a1ac88/				capped RNA enrichment
/experiments/ENCSR321WCE/	ENCSR321WCE	PRO-cap	PRO-cap	in vitro differentiated cells				Homo sapiens neural crest cell	neural crest cell		A run-on assay that precisely maps the transcription start sites genome-wide with high sensitivity and specificity in H9 derived neural crest cells.	Haiyuan Yu, Cornell	ENCODE	released	/files/ENCFF496XIT/,/files/ENCFF239RXF/,/files/ENCFF353VPZ/,/files/ENCFF821SXF/,/files/ENCFF470TVP/,/files/ENCFF810TQH/,/files/ENCFF258ILJ/,/files/ENCFF277FQZ/,/files/ENCFF343BAM/,/files/ENCFF635TCW/,/files/ENCFF450XIM/,/files/ENCFF113WQI/,/files/ENCFF012HQG/,/files/ENCFF056NUH/,/files/ENCFF930SXD/		ENCBS675JBE,ENCBS100VQU	1,2	1		Homo sapiens	embryonic	5 days												/replicates/469f1664-cbe9-4e80-8347-d443e4ca9ecc/,/replicates/8d962fbc-31d5-4302-936c-a64ffceead92/				capped RNA enrichment
/experiments/ENCSR357VUN/	ENCSR357VUN	PRO-cap	PRO-cap	tissue				Homo sapiens ovary tissue female adult (45 years)	ovary		A run-on assay that precisely maps the transcription start sites genome-wide with high sensitivity and specificity in Ovary.	Haiyuan Yu, Cornell	ENCODE	released	/files/ENCFF250YHF/,/files/ENCFF424XOW/,/files/ENCFF085YVL/,/files/ENCFF866JXX/,/files/ENCFF525ETH/,/files/ENCFF256IKS/,/files/ENCFF340NVI/,/files/ENCFF691DIY/,/files/ENCFF435OOB/,/files/ENCFF588HBC/,/files/ENCFF455FKB/,/files/ENCFF376ZPG/,/files/ENCFF523LHA/,/files/ENCFF390TIU/,/files/ENCFF728WYZ/		ENCBS177BYG	1	1,2		Homo sapiens	adult	45 years												/replicates/4a2827eb-14cd-4360-91f1-c8fa8641e80c/,/replicates/4d1f133a-14bc-42d0-ae52-42914af7b621/				capped RNA enrichment
/experiments/ENCSR393PGX/	ENCSR393PGX	PRO-cap	PRO-cap	tissue				Homo sapiens breast epithelium tissue female adult (53 years)	breast epithelium		A run-on assay that precisely maps the transcription start sites genome-wide with high sensitivity and specificity in Breast epithelium.	Haiyuan Yu, Cornell	ENCODE	released	/files/ENCFF314NLH/,/files/ENCFF866XLL/,/files/ENCFF433HYM/,/files/ENCFF383PWL/,/files/ENCFF992WRX/,/files/ENCFF440ZTM/,/files/ENCFF833XPI/,/files/ENCFF393UHV/,/files/ENCFF793XZP/		ENCBS604MBJ	1	1		Homo sapiens	adult	53 years												/replicates/474c49fb-a0f5-4846-9753-080d6aefc773/				capped RNA enrichment
/experiments/ENCSR489BCG/	ENCSR489BCG	PRO-cap	PRO-cap	organoid				Homo sapiens pancreas organoid	pancreas		A run-on assay that precisely maps the transcription start sites genome-wide with high sensitivity and specificity in Pancreas.	Haiyuan Yu, Cornell	ENCODE	released	/files/ENCFF852FDR/,/files/ENCFF874YTF/,/files/ENCFF349FJL/,/files/ENCFF464TMY/,/files/ENCFF614CLG/,/files/ENCFF748ZTL/,/files/ENCFF675UVD/,/files/ENCFF729QOS/,/files/ENCFF090RRR/,/files/ENCFF634NSC/,/files/ENCFF043DTO/,/files/ENCFF405JTF/		ENCBS293NLV	1	1		Homo sapiens	child	16 years												/replicates/98a6cc4a-4344-4f4a-84ae-f3f52232839f/				capped RNA enrichment
/experiments/ENCSR243MVI/	ENCSR243MVI	PRO-cap	PRO-cap	tissue				Homo sapiens liver tissue	liver		A run-on assay that precisely maps the transcription start sites genome-wide with high sensitivity and specificity in Liver.	Haiyuan Yu, Cornell	ENCODE	released	/files/ENCFF173GBD/,/files/ENCFF726UNM/,/files/ENCFF473QNU/,/files/ENCFF547KOR/,/files/ENCFF094IMU/,/files/ENCFF063YMB/,/files/ENCFF951ESX/,/files/ENCFF314IXN/,/files/ENCFF908GQE/,/files/ENCFF074ANE/,/files/ENCFF180FMS/,/files/ENCFF793URN/		ENCBS547GTA	1	1		Homo sapiens	unknown													/replicates/b36666fa-aee5-4981-98ec-ebed39ab15b0/				capped RNA enrichment
/experiments/ENCSR104MSL/	ENCSR104MSL	PRO-cap	PRO-cap	organoid				Homo sapiens pancreas organoid	pancreas		A run-on assay that precisely maps the transcription start sites genome-wide with high sensitivity and specificity in Pancreas.	Haiyuan Yu, Cornell	ENCODE	released	/files/ENCFF080HKF/,/files/ENCFF954UHQ/,/files/ENCFF112RZI/,/files/ENCFF249WIG/,/files/ENCFF736HCE/,/files/ENCFF683EUL/,/files/ENCFF916RIV/,/files/ENCFF427SVS/,/files/ENCFF984XGZ/,/files/ENCFF352IXG/,/files/ENCFF952KNP/,/files/ENCFF268DZY/,/files/ENCFF066NYJ/,/files/ENCFF599XFD/,/files/ENCFF856LIY/		ENCBS040TRX	1	1,2		Homo sapiens	adult	61 years												/replicates/744dd007-3cb9-4522-8bf5-c725d964ffdb/,/replicates/d01882b3-a754-4835-8c3a-f4dc61dbae25/				capped RNA enrichment
/experiments/ENCSR928ZWP/	ENCSR928ZWP	PRO-cap	PRO-cap	tissue				Homo sapiens lower leg skin tissue female adult (53 years)	lower leg skin		A run-on assay that precisely maps the transcription start sites genome-wide with high sensitivity and specificity in Lower leg skin.	Haiyuan Yu, Cornell	ENCODE	released	/files/ENCFF309ZKI/,/files/ENCFF658IVE/,/files/ENCFF980XDJ/,/files/ENCFF743EAI/,/files/ENCFF233EYX/,/files/ENCFF257BRE/,/files/ENCFF061HYL/,/files/ENCFF560BYG/,/files/ENCFF292WHE/,/files/ENCFF115MBG/,/files/ENCFF652RQR/,/files/ENCFF226CFV/,/files/ENCFF460EXO/,/files/ENCFF285HXB/,/files/ENCFF374GPI/		ENCBS873KFD	1	2,1		Homo sapiens	adult	53 years												/replicates/98fd3157-78fe-479b-996d-412c07a052da/,/replicates/03df0d32-962c-43ed-876a-879a7813a800/				capped RNA enrichment
/experiments/ENCSR331UGM/	ENCSR331UGM	PRO-cap	PRO-cap	tissue				Homo sapiens liver tissue	liver		A run-on assay that precisely maps the transcription start sites genome-wide with high sensitivity and specificity in Liver.	Haiyuan Yu, Cornell	ENCODE	released	/files/ENCFF847WOV/,/files/ENCFF921AFL/,/files/ENCFF573MQP/,/files/ENCFF789JPH/,/files/ENCFF279PKO/,/files/ENCFF301UYO/,/files/ENCFF158RUZ/,/files/ENCFF907YAN/,/files/ENCFF981WFL/,/files/ENCFF354GOW/,/files/ENCFF468COZ/,/files/ENCFF759QBY/,/files/ENCFF333JKA/,/files/ENCFF507HLL/,/files/ENCFF451PBD/		ENCBS270VVG	1	1,2		Homo sapiens	unknown													/replicates/37a751a5-c524-483e-9765-3936e3f63bb6/,/replicates/8a212398-aabe-4959-abf8-8ada9ee4cb84/				capped RNA enrichment
/experiments/ENCSR149WMX/	ENCSR149WMX	PRO-cap	PRO-cap	tissue				Homo sapiens Metastatic Liver Carcinoma in the Lung tissue female adult (62 years)	Metastatic Liver Carcinoma in the Lung		A run-on assay that precisely maps the transcription start sites genome-wide with high sensitivity and specificity in Metastatic liver cancer to lung.	Haiyuan Yu, Cornell	ENCODE	released	/files/ENCFF497FSN/,/files/ENCFF890PCG/,/files/ENCFF133SZM/,/files/ENCFF402IEX/,/files/ENCFF275RVY/,/files/ENCFF073DQK/,/files/ENCFF198PAN/,/files/ENCFF522KBB/,/files/ENCFF811WBX/		ENCBS275TWJ	1	1		Homo sapiens	adult	62 years												/replicates/ec346f42-6a3c-4667-a781-bfd1cef596f7/				capped RNA enrichment
/experiments/ENCSR633OWM/	ENCSR633OWM	PRO-cap	PRO-cap	tissue				Homo sapiens pulmonary lymph node tissue female adult (58 years)	pulmonary lymph node		A run-on assay that precisely maps the transcription start sites genome-wide with high sensitivity and specificity in Pulmonary lymph node.	Haiyuan Yu, Cornell	ENCODE	released	/files/ENCFF151LCF/,/files/ENCFF081PMY/,/files/ENCFF867UEZ/,/files/ENCFF068LYZ/,/files/ENCFF928XLZ/,/files/ENCFF372KYM/,/files/ENCFF783ACE/,/files/ENCFF139SUH/,/files/ENCFF587JFG/,/files/ENCFF813BOJ/,/files/ENCFF526JKK/,/files/ENCFF316BDZ/,/files/ENCFF771XPV/,/files/ENCFF107UYX/,/files/ENCFF950NUQ/,/files/ENCFF271MUZ/,/files/ENCFF899PEW/,/files/ENCFF912JUC/		ENCBS533TOQ	1	1,2		Homo sapiens	adult	58 years												/replicates/d10a39d0-38dd-4e54-a2d6-0fbf289618e1/,/replicates/72b8b03b-ce56-4cd6-b7f7-10b8e3494899/				capped RNA enrichment
/experiments/ENCSR384HWB/	ENCSR384HWB	PRO-cap	PRO-cap	tissue				Homo sapiens ascending aorta tissue female adult (53 years)	ascending aorta		A run-on assay that precisely maps the transcription start sites genome-wide with high sensitivity and specificity in Ascending aorta.	Haiyuan Yu, Cornell	ENCODE	released	/files/ENCFF405MJM/,/files/ENCFF580IMY/,/files/ENCFF996SED/,/files/ENCFF578EFA/,/files/ENCFF879UHW/,/files/ENCFF641UMW/,/files/ENCFF157BZI/,/files/ENCFF669BWI/,/files/ENCFF346VVF/,/files/ENCFF968UGH/,/files/ENCFF306JOB/,/files/ENCFF605FIB/,/files/ENCFF715UJT/,/files/ENCFF443NSY/,/files/ENCFF217JZT/,/files/ENCFF069YES/,/files/ENCFF494HCT/,/files/ENCFF935LXV/		ENCBS774BZL	1	1,2		Homo sapiens	adult	53 years												/replicates/89869259-6f06-4fdd-b148-f74ef96820fe/,/replicates/f2832a79-46b5-4b43-a123-e93c3faa56cc/				capped RNA enrichment
/experiments/ENCSR347PQY/	ENCSR347PQY	PRO-cap	PRO-cap	tissue				Homo sapiens upper lobe of left lung tissue female adult (53 years)	upper lobe of left lung		A run-on assay that precisely maps the transcription start sites genome-wide with high sensitivity and specificity in Upper lobe of left lung.	Haiyuan Yu, Cornell	ENCODE	released	/files/ENCFF807UHN/,/files/ENCFF442SLU/,/files/ENCFF748WLV/,/files/ENCFF176MNU/,/files/ENCFF438STH/,/files/ENCFF307FMZ/,/files/ENCFF910NSI/,/files/ENCFF410WBP/,/files/ENCFF029IIH/,/files/ENCFF509XGV/,/files/ENCFF251LYJ/,/files/ENCFF382MZM/,/files/ENCFF450MXC/,/files/ENCFF335HZP/,/files/ENCFF699XWT/,/files/ENCFF258GSU/,/files/ENCFF142FGX/,/files/ENCFF882VLJ/		ENCBS821TCB	1	2,1		Homo sapiens	adult	53 years												/replicates/5ed999d9-1bf3-481c-8159-2c804268b07e/,/replicates/2e223551-66b5-44c2-a22c-1b2c17924c83/				capped RNA enrichment
/experiments/ENCSR335ZMZ/	ENCSR335ZMZ	PRO-cap	PRO-cap	cell line				Homo sapiens OCI-LY7	OCI-LY7		A run-on assay that precisely maps the transcription start sites genome-wide with high sensitivity and specificity in OCI-LY7.	Haiyuan Yu, Cornell	ENCODE	released	/files/ENCFF049GCF/,/files/ENCFF415DJA/,/files/ENCFF363GBI/,/files/ENCFF440FCH/,/files/ENCFF241EOK/,/files/ENCFF300ALJ/,/files/ENCFF396PIG/,/files/ENCFF049ILI/,/files/ENCFF883SWO/,/files/ENCFF552IDO/,/files/ENCFF335GTD/,/files/ENCFF062OCA/,/files/ENCFF122BGE/,/files/ENCFF244COZ/,/files/ENCFF117YRS/,/files/ENCFF238BNA/,/files/ENCFF359EMI/,/files/ENCFF338ADF/		ENCBS080RZR,ENCBS329UUU	2,1	1		Homo sapiens	adult	48 years												/replicates/88f3ebcc-e2b1-4046-80a1-0371d10255bd/,/replicates/1d8bea07-0afb-4455-9bb8-d1e650edd214/				capped RNA enrichment
/experiments/ENCSR657RPS/	ENCSR657RPS	PRO-cap	PRO-cap	tissue				Homo sapiens uterus tissue female adult (38 years)	uterus		A run-on assay that precisely maps the transcription start sites genome-wide with high sensitivity and specificity in Uterus.	Haiyuan Yu, Cornell	ENCODE	released	/files/ENCFF247FZH/,/files/ENCFF561UOW/,/files/ENCFF258LZF/,/files/ENCFF692CYX/,/files/ENCFF472HHT/,/files/ENCFF905HEF/,/files/ENCFF232QBY/,/files/ENCFF725AFO/,/files/ENCFF470SOA/,/files/ENCFF292OUX/,/files/ENCFF137GPQ/,/files/ENCFF455JXC/,/files/ENCFF502DAR/,/files/ENCFF777PIH/,/files/ENCFF657CQC/		ENCBS848HCV	1	2,1		Homo sapiens	adult	38 years												/replicates/0a51012c-e605-44c9-b78a-40a4ed53d47f/,/replicates/fcbb7db1-48af-4663-bec0-cf0d28670ea3/				capped RNA enrichment
/experiments/ENCSR149ZRX/	ENCSR149ZRX	PRO-cap	PRO-cap	cell line				Homo sapiens K562	K562	GEO:GSE219507	CoPRO experiment. A run-on assay was performed on captured nascent RNA with cap state selection. In this experiment, both capped and uncapped nascent RNA was selected and PCR amplification was performed before sequencing.	John Lis, Cornell	ENCODE	released	/files/ENCFF406KCL/,/files/ENCFF296OPE/,/files/ENCFF994ECZ/,/files/ENCFF832CJC/,/files/ENCFF823SEJ/,/files/ENCFF758NSU/,/files/ENCFF899NLS/,/files/ENCFF652MUV/,/files/ENCFF990LRK/,/files/ENCFF177SYN/,/files/ENCFF446NQE/,/files/ENCFF258ZIO/,/files/ENCFF952YCN/,/files/ENCFF213UWX/		ENCBS526RIS,ENCBS396XJP	1,2	1		Homo sapiens	adult	53 years												/replicates/c9fb687f-1747-47d7-8851-3e01a7c8fb9b/,/replicates/dcdd6a53-938b-4355-980a-9cb4101f78d2/				capped RNA enrichment,uncapped RNA enrichment
/experiments/ENCSR834OVY/	ENCSR834OVY	PRO-cap	PRO-cap	primary cell				Homo sapiens peripheral blood mononuclear cell	peripheral blood mononuclear cell		A run-on assay that precisely maps the transcription start sites genome-wide with high sensitivity and specificity in PBMCs.	Haiyuan Yu, Cornell	ENCODE	released	/files/ENCFF831JAH/,/files/ENCFF215XDG/,/files/ENCFF458HGQ/,/files/ENCFF563LWT/,/files/ENCFF405QEO/,/files/ENCFF378GDW/,/files/ENCFF284WAV/,/files/ENCFF598FTC/,/files/ENCFF957XJW/,/files/ENCFF930YXW/,/files/ENCFF106HMK/,/files/ENCFF928OWF/,/files/ENCFF296TBC/,/files/ENCFF808BAY/,/files/ENCFF990ETZ/,/files/ENCFF910BOJ/,/files/ENCFF343UPF/,/files/ENCFF518SGD/		ENCBS187URZ	1	1,2		Homo sapiens	unknown													/replicates/08299d8c-5445-45f9-bcf4-68de8bc50b58/,/replicates/486a698c-de23-49be-bbb8-463fbed082ee/				capped RNA enrichment
/experiments/ENCSR262PWK/	ENCSR262PWK	PRO-cap	PRO-cap	in vitro differentiated cells				Homo sapiens type B pancreatic cell	type B pancreatic cell		A run-on assay that precisely maps the transcription start sites genome-wide with high sensitivity and specificity in H9 derived insulin producing beta-like cells.	Haiyuan Yu, Cornell	ENCODE	released	/files/ENCFF521EFV/,/files/ENCFF996NIL/,/files/ENCFF464IYF/,/files/ENCFF090JVI/,/files/ENCFF529ETL/,/files/ENCFF727XLX/,/files/ENCFF588KYT/,/files/ENCFF567EES/,/files/ENCFF907PMT/,/files/ENCFF065QVV/,/files/ENCFF641LRA/,/files/ENCFF557XZG/,/files/ENCFF115FJX/,/files/ENCFF068RQW/,/files/ENCFF966LRS/,/files/ENCFF228HSL/,/files/ENCFF732GUT/,/files/ENCFF685NIR/		ENCBS666XLD,ENCBS539PXA	1,2	1		Homo sapiens	embryonic	5 days												/replicates/07c01e6f-f000-4fdc-a172-a4722fedf798/,/replicates/dcdb9a62-471f-482f-862c-3f9810f72da5/				capped RNA enrichment
/experiments/ENCSR300AAD/	ENCSR300AAD	PRO-cap	PRO-cap	tissue				Homo sapiens Metastatic Liver Carcinoma in the Adrenal Gland tissue female adult (30 years)	Metastatic Liver Carcinoma in the Adrenal Gland		A run-on assay that precisely maps the transcription start sites genome-wide with high sensitivity and specificity in Metastatic liver cancer to adrenal gland.	Haiyuan Yu, Cornell	ENCODE	released	/files/ENCFF706PQM/,/files/ENCFF850OIH/,/files/ENCFF317EME/,/files/ENCFF686XZX/,/files/ENCFF648RXB/,/files/ENCFF074QXQ/,/files/ENCFF396KSJ/,/files/ENCFF293MZR/,/files/ENCFF159VBI/		ENCBS663XQQ	1	1		Homo sapiens	adult	30 years												/replicates/05154da4-dd5c-4c2f-b6b7-138a63c2ee87/				capped RNA enrichment
/experiments/ENCSR900SLO/	ENCSR900SLO	PRO-cap	PRO-cap	cell line				Homo sapiens HCT116 genetically modified (insertion) using CRISPR inserting O. sativa LOC4335696, (insertion) using CRISPR targeting H. sapiens MED14	HCT116	GEO:GSE219896	A run-on assay that precisely maps the transcription start sites genome-wide with high sensitivity and specificity in MED14_U.	Haiyuan Yu, Cornell	ENCODE	released	/files/ENCFF830BKT/,/files/ENCFF010KKJ/,/files/ENCFF835KCN/,/files/ENCFF890ZWW/,/files/ENCFF880EEQ/,/files/ENCFF542RLW/,/files/ENCFF575QHE/,/files/ENCFF231MDC/,/files/ENCFF531WCU/,/files/ENCFF398HQH/,/files/ENCFF388NHJ/,/files/ENCFF736LAU/,/files/ENCFF129XCK/,/files/ENCFF130AGH/,/files/ENCFF246EWI/,/files/ENCFF724OUG/,/files/ENCFF477EOF/,/files/ENCFF462EPO/,/files/ENCFF647FVM/,/files/ENCFF067EBR/,/files/ENCFF039IDP/,/files/ENCFF593BHS/,/files/ENCFF429GEI/,/files/ENCFF657WLY/,/files/ENCFF473QYY/	/gene-silencing-series/ENCSR073NSO/	ENCBS007ZIG,ENCBS904RVQ	1,2	1		Homo sapiens	adult	48 years										/organisms/human/	/organisms/rice/	/replicates/c5a0e4d3-4511-468d-909a-07a71a553b1d/,/replicates/071b588b-4fc4-492b-a44e-00c21def9b7d/				capped RNA enrichment
/experiments/ENCSR687HZX/	ENCSR687HZX	PRO-cap	PRO-cap	tissue				Homo sapiens Metastatic Breast Carcinoma in the Brain tissue female adult (59 years)	Metastatic Breast Carcinoma in the Brain		A run-on assay that precisely maps the transcription start sites genome-wide with high sensitivity and specificity in Metastatic breast cancer to brain.	Haiyuan Yu, Cornell	ENCODE	released	/files/ENCFF808XTD/,/files/ENCFF994LZK/,/files/ENCFF985AKY/,/files/ENCFF194BIK/,/files/ENCFF745NZD/,/files/ENCFF140RGX/,/files/ENCFF897KYR/,/files/ENCFF749TFR/,/files/ENCFF056WDZ/,/files/ENCFF958CFG/,/files/ENCFF108GJA/,/files/ENCFF495CDY/,/files/ENCFF144RYB/,/files/ENCFF561AWC/,/files/ENCFF016SOJ/		ENCBS776YIN	1	2,1		Homo sapiens	adult	59 years												/replicates/b8b174e5-792a-4fa0-a78f-a2aee94054ff/,/replicates/4d049c68-af4d-4e5e-a6da-69d5fc1ead5f/				capped RNA enrichment
/experiments/ENCSR997YHR/	ENCSR997YHR	PRO-cap	PRO-cap	tissue				Homo sapiens lung tissue female adult (53 years)	lung		A run-on assay that precisely maps the transcription start sites genome-wide with high sensitivity and specificity in Lung.	Haiyuan Yu, Cornell	ENCODE	released	/files/ENCFF067XJJ/,/files/ENCFF680ZFQ/,/files/ENCFF433KCS/,/files/ENCFF992PNJ/,/files/ENCFF332WND/,/files/ENCFF275EJI/,/files/ENCFF576OAT/,/files/ENCFF507PMC/,/files/ENCFF202SLS/,/files/ENCFF668XMI/,/files/ENCFF095QPM/,/files/ENCFF294ZUZ/,/files/ENCFF607PRT/,/files/ENCFF843FTM/,/files/ENCFF943ACS/,/files/ENCFF286SNP/,/files/ENCFF917ROK/,/files/ENCFF667AFY/		ENCBS166WQB	1	1,2		Homo sapiens	adult	53 years												/replicates/a45f9664-1fda-4a8d-83c3-7316dade19e7/,/replicates/b129d47c-c2dd-48a7-bc6a-6e2e85c3fa45/				capped RNA enrichment
/experiments/ENCSR744JVA/	ENCSR744JVA	PRO-cap	PRO-cap	organoid				Homo sapiens pancreas organoid	pancreas		A run-on assay that precisely maps the transcription start sites genome-wide with high sensitivity and specificity in Pancreas.	Haiyuan Yu, Cornell	ENCODE	released	/files/ENCFF834UOK/,/files/ENCFF730UCU/,/files/ENCFF745ZYX/,/files/ENCFF183EBN/,/files/ENCFF938HTJ/,/files/ENCFF645CUY/,/files/ENCFF263NSQ/,/files/ENCFF452QQM/,/files/ENCFF004MEQ/,/files/ENCFF501OXJ/,/files/ENCFF649TLX/,/files/ENCFF489SBW/,/files/ENCFF667ZIG/,/files/ENCFF129SLB/,/files/ENCFF772FDR/,/files/ENCFF523FVP/,/files/ENCFF073RZL/,/files/ENCFF783QDX/		ENCBS890IND	1	1,2		Homo sapiens	adult	59 years												/replicates/f104904c-f5cf-4061-b6b2-ffb0fa263c4c/,/replicates/a2f3e6c2-9b07-418a-9355-f767f0e8ac24/				capped RNA enrichment
/experiments/ENCSR338WJS/	ENCSR338WJS	PRO-cap	PRO-cap	organoid				Homo sapiens pancreas organoid	pancreas		A run-on assay that precisely maps the transcription start sites genome-wide with high sensitivity and specificity in Pancreas.	Haiyuan Yu, Cornell	ENCODE	released	/files/ENCFF337SEH/,/files/ENCFF202XST/,/files/ENCFF080TCA/,/files/ENCFF999MKX/,/files/ENCFF260EFI/,/files/ENCFF695ZTU/,/files/ENCFF866ULH/,/files/ENCFF033RWL/,/files/ENCFF673DAI/,/files/ENCFF750IPI/,/files/ENCFF267RZQ/,/files/ENCFF790VDO/,/files/ENCFF703BZM/,/files/ENCFF501UJX/,/files/ENCFF006DGD/,/files/ENCFF894LUR/,/files/ENCFF314JTF/,/files/ENCFF378NWU/		ENCBS299CCQ	1	1,2		Homo sapiens	adult	54 years												/replicates/586df24e-027b-4023-ab3b-8fe964071b18/,/replicates/2d32a470-883e-4779-a003-4cd0592ef967/				capped RNA enrichment
/experiments/ENCSR407CCJ/	ENCSR407CCJ	PRO-cap	PRO-cap	tissue				Homo sapiens cerebellum tissue female adult (51 years)	cerebellum		A run-on assay that precisely maps the transcription start sites genome-wide with high sensitivity and specificity in Cerebellum.	Haiyuan Yu, Cornell	ENCODE	released	/files/ENCFF462FYY/,/files/ENCFF655MZL/,/files/ENCFF695IQR/,/files/ENCFF197VGK/,/files/ENCFF559IND/,/files/ENCFF337ZJT/,/files/ENCFF027GVL/,/files/ENCFF060NCV/,/files/ENCFF580RQD/,/files/ENCFF005FBF/,/files/ENCFF482IJL/,/files/ENCFF476HIT/,/files/ENCFF616JZH/,/files/ENCFF252KRC/,/files/ENCFF569HVO/,/files/ENCFF468UKL/,/files/ENCFF162GCV/,/files/ENCFF320ZEL/		ENCBS708XJP	1	2,1		Homo sapiens	adult	51 years												/replicates/20165c47-92c4-439a-b932-aa38a7beb072/,/replicates/876ed760-eebd-4374-ae56-a4c38567eb83/				capped RNA enrichment
/experiments/ENCSR155NVW/	ENCSR155NVW	PRO-cap	PRO-cap	tissue				Homo sapiens penis tissue male adult (50 years)	penis		A run-on assay that precisely maps the transcription start sites genome-wide with high sensitivity and specificity in Penis.	Haiyuan Yu, Cornell	ENCODE	released	/files/ENCFF373CUN/,/files/ENCFF871SND/,/files/ENCFF624DET/,/files/ENCFF699HJN/,/files/ENCFF330MNJ/,/files/ENCFF487PCC/,/files/ENCFF013RVS/,/files/ENCFF287UHW/,/files/ENCFF516LYW/,/files/ENCFF662OAA/,/files/ENCFF667DWW/,/files/ENCFF783KFT/,/files/ENCFF212QGD/,/files/ENCFF615HJM/,/files/ENCFF596OKQ/,/files/ENCFF452GDC/,/files/ENCFF967BMM/,/files/ENCFF772NTH/		ENCBS517RRH	1	1,2		Homo sapiens	adult	50 years												/replicates/f96ffadd-b92a-445a-9908-553afd6b11cf/,/replicates/8fb1e5e4-1e0b-4548-8c48-f07dab099b28/				capped RNA enrichment
/experiments/ENCSR305RPP/	ENCSR305RPP	PRO-cap	PRO-cap	tissue				Homo sapiens testis tissue male	testis		A run-on assay that precisely maps the transcription start sites genome-wide with high sensitivity and specificity in Testis.	Haiyuan Yu, Cornell	ENCODE	released	/files/ENCFF067KIQ/,/files/ENCFF713LXH/,/files/ENCFF971XGW/,/files/ENCFF532PWS/,/files/ENCFF295MTJ/,/files/ENCFF175SQE/,/files/ENCFF499OFS/,/files/ENCFF419EGB/,/files/ENCFF292MBF/,/files/ENCFF867UGD/,/files/ENCFF257XGW/,/files/ENCFF212GIQ/,/files/ENCFF979WFW/,/files/ENCFF518YJQ/,/files/ENCFF840KPW/		ENCBS517HXS	1	2,1		Homo sapiens	unknown													/replicates/1c3050ce-e481-4f29-8e28-36cacd11a439/,/replicates/ccd264fa-80b9-43d4-8d8c-9a541654bfdf/				capped RNA enrichment
/experiments/ENCSR290MPW/	ENCSR290MPW	PRO-cap	PRO-cap	tissue				Homo sapiens heart left ventricle tissue female adult (41 years)	heart left ventricle		A run-on assay that precisely maps the transcription start sites genome-wide with high sensitivity and specificity in Left ventricle of heart.	Haiyuan Yu, Cornell	ENCODE	released	/files/ENCFF036ZFQ/,/files/ENCFF731IYT/,/files/ENCFF659KUQ/,/files/ENCFF381BHX/,/files/ENCFF128BCK/,/files/ENCFF416VCV/,/files/ENCFF074XAS/,/files/ENCFF192AWE/,/files/ENCFF945NQI/,/files/ENCFF139IFS/,/files/ENCFF647ARA/,/files/ENCFF535TOP/,/files/ENCFF191JMD/,/files/ENCFF493AAG/,/files/ENCFF250WGS/,/files/ENCFF293VWI/,/files/ENCFF248OXP/,/files/ENCFF819VZN/		ENCBS386LNK	1	2,1		Homo sapiens	adult	41 years												/replicates/d0d55749-c87f-42d4-8c71-3b7306956533/,/replicates/987dadfa-ee77-467c-82fe-cbfa8c7bcafa/				capped RNA enrichment
/experiments/ENCSR219NJB/	ENCSR219NJB	PRO-cap	PRO-cap	tissue				Homo sapiens spleen tissue female adult (61 years)	spleen		A run-on assay that precisely maps the transcription start sites genome-wide with high sensitivity and specificity in Spleen.	Haiyuan Yu, Cornell	ENCODE	released	/files/ENCFF401MSU/,/files/ENCFF795ZND/,/files/ENCFF207GUV/,/files/ENCFF013PUO/,/files/ENCFF966EAL/,/files/ENCFF066XAY/,/files/ENCFF593SXV/,/files/ENCFF968QHP/,/files/ENCFF558HBA/,/files/ENCFF273BHB/,/files/ENCFF742SBK/,/files/ENCFF385KNS/		ENCBS452IFB	1	1		Homo sapiens	adult	61 years												/replicates/c3cb4c2c-b50c-4709-a3ad-fdecf941db99/				capped RNA enrichment
/experiments/ENCSR219QKX/	ENCSR219QKX	PRO-cap	PRO-cap	tissue				Homo sapiens heart right ventricle tissue male adult (40 years)	heart right ventricle		A run-on assay that precisely maps the transcription start sites genome-wide with high sensitivity and specificity in Right ventricle of heart.	Haiyuan Yu, Cornell	ENCODE	released	/files/ENCFF855ILW/,/files/ENCFF901IJP/,/files/ENCFF482KFD/,/files/ENCFF913ZDP/,/files/ENCFF963PUY/,/files/ENCFF630XIQ/,/files/ENCFF286DTJ/,/files/ENCFF928OJY/,/files/ENCFF952RDC/,/files/ENCFF035IDQ/,/files/ENCFF658KBE/,/files/ENCFF712XKK/,/files/ENCFF287KMD/,/files/ENCFF826QEO/,/files/ENCFF829UQS/		ENCBS555EZC	1	1,2		Homo sapiens	adult	40 years												/replicates/5cfd4445-31a3-4d59-abe7-965c2ae47a0b/,/replicates/910216a6-3d83-4649-8a55-ceb56bf35348/				capped RNA enrichment
/experiments/ENCSR656ZDH/	ENCSR656ZDH	PRO-cap	PRO-cap	tissue				Homo sapiens heart left ventricle tissue female adult (53 years)	heart left ventricle		A run-on assay that precisely maps the transcription start sites genome-wide with high sensitivity and specificity in Left ventricle of heart.	Haiyuan Yu, Cornell	ENCODE	released	/files/ENCFF753SMV/,/files/ENCFF386MFX/,/files/ENCFF725CGS/,/files/ENCFF674RAV/,/files/ENCFF395TWK/,/files/ENCFF772NVO/,/files/ENCFF071WKK/,/files/ENCFF548YCJ/,/files/ENCFF562LNV/,/files/ENCFF398IMR/,/files/ENCFF583IXS/,/files/ENCFF396CRM/,/files/ENCFF009HXV/,/files/ENCFF549EWL/,/files/ENCFF531GVC/,/files/ENCFF054DDW/,/files/ENCFF877HGD/,/files/ENCFF925LCQ/		ENCBS413JEX	1	1,2		Homo sapiens	adult	53 years												/replicates/6e2aecb1-9a77-43e2-a985-2dd9598c15e9/,/replicates/e39d044d-5498-4b7f-9388-aa10ccacef70/				capped RNA enrichment
/experiments/ENCSR065NDB/	ENCSR065NDB	PRO-cap	PRO-cap	primary cell				Homo sapiens with type 1 diabetes mellitus; T-cell female adult (22 years)	T-cell		A run-on assay that precisely maps the transcription start sites genome-wide with high sensitivity and specificity in T cells from T1D donor.	Haiyuan Yu, Cornell	ENCODE	released	/files/ENCFF163BRB/,/files/ENCFF565JVN/,/files/ENCFF300NGD/,/files/ENCFF055AQM/,/files/ENCFF789FBY/,/files/ENCFF037SOJ/,/files/ENCFF235OML/,/files/ENCFF819PXM/,/files/ENCFF129OGT/		ENCBS373SRI	1	1		Homo sapiens	adult	22 years												/replicates/757890ce-ffbc-4955-8210-64b2e126e8da/				capped RNA enrichment
/experiments/ENCSR769SLJ/	ENCSR769SLJ	PRO-cap	PRO-cap	tissue				Homo sapiens transverse colon tissue female adult (53 years)	transverse colon		A run-on assay that precisely maps the transcription start sites genome-wide with high sensitivity and specificity in Transverse colon.	Haiyuan Yu, Cornell	ENCODE	released	/files/ENCFF284ATN/,/files/ENCFF400WJY/,/files/ENCFF827ICM/,/files/ENCFF333JRX/,/files/ENCFF807IQQ/,/files/ENCFF482JTL/,/files/ENCFF103FIQ/,/files/ENCFF764MWI/,/files/ENCFF834SRL/		ENCBS854ITC	1	1		Homo sapiens	adult	53 years												/replicates/6848786f-cd02-4189-a43a-ae3a5f37ab7a/				capped RNA enrichment
/experiments/ENCSR069DQH/	ENCSR069DQH	PRO-cap	PRO-cap	primary cell				Homo sapiens cytotoxic T cell	cytotoxic T cell		A run-on assay that precisely maps the transcription start sites genome-wide with high sensitivity and specificity in Cytotoxic T cells.	Haiyuan Yu, Cornell	ENCODE	released	/files/ENCFF034MUT/,/files/ENCFF792ZIA/,/files/ENCFF705PSB/,/files/ENCFF697XDE/,/files/ENCFF005QIT/,/files/ENCFF120VEM/,/files/ENCFF043RVG/,/files/ENCFF112WYT/,/files/ENCFF433SXM/,/files/ENCFF686BJG/,/files/ENCFF399NJN/,/files/ENCFF457IUS/,/files/ENCFF204DQE/,/files/ENCFF164HWA/,/files/ENCFF994KOS/		ENCBS901WDC	1	2,1		Homo sapiens	unknown													/replicates/77608807-c10b-486a-8c7d-b3066920519b/,/replicates/50e2472f-2751-49bc-854b-fbfcb331d056/				capped RNA enrichment
/experiments/ENCSR617JRP/	ENCSR617JRP	PRO-cap	PRO-cap	tissue				Homo sapiens Metastatic Breast Carcinoma in the Ovary tissue female adult (57 years)	Metastatic Breast Carcinoma in the Ovary		A run-on assay that precisely maps the transcription start sites genome-wide with high sensitivity and specificity in Metastatic breast cancer to ovary.	Haiyuan Yu, Cornell	ENCODE	released	/files/ENCFF430UZT/,/files/ENCFF856RRF/,/files/ENCFF312VIE/,/files/ENCFF170RTO/,/files/ENCFF888DRL/,/files/ENCFF151JAK/,/files/ENCFF234PZT/,/files/ENCFF351YXH/,/files/ENCFF878OGN/,/files/ENCFF965ESB/,/files/ENCFF730VHC/,/files/ENCFF040WCX/,/files/ENCFF108YMW/,/files/ENCFF041UZX/,/files/ENCFF084ICC/		ENCBS308UKM	1	1,2		Homo sapiens	adult	57 years												/replicates/4dab0af1-19cf-45f6-8ea9-9ad053f315f9/,/replicates/1a981780-d8f3-4868-a421-d4b1a0743d5e/				capped RNA enrichment
/experiments/ENCSR100PNA/	ENCSR100PNA	PRO-cap	PRO-cap	tissue				Homo sapiens paraaortic lymph node tissue female adult (68 years)	paraaortic lymph node		A run-on assay that precisely maps the transcription start sites genome-wide with high sensitivity and specificity in Periaortic lymph node.	Haiyuan Yu, Cornell	ENCODE	released	/files/ENCFF003NLR/,/files/ENCFF592FKO/,/files/ENCFF377YGV/,/files/ENCFF036AUL/,/files/ENCFF061GWD/,/files/ENCFF933QAD/,/files/ENCFF684KIX/,/files/ENCFF679NCJ/,/files/ENCFF224EEU/,/files/ENCFF301XGV/,/files/ENCFF152GND/,/files/ENCFF486AKB/,/files/ENCFF145LWD/,/files/ENCFF270MSL/,/files/ENCFF228FWZ/,/files/ENCFF667XJZ/,/files/ENCFF142TLY/,/files/ENCFF738MBW/		ENCBS970NSC	1	1,2		Homo sapiens	adult	68 years												/replicates/e48bb473-8b54-4431-9013-a444eb87f507/,/replicates/21ba0507-ecb9-46a1-85d7-58c227c47653/				capped RNA enrichment
/experiments/ENCSR065QHA/	ENCSR065QHA	PRO-cap	PRO-cap	tissue				Homo sapiens left lobe of liver tissue male adult (45 years)	left lobe of liver		A run-on assay that precisely maps the transcription start sites genome-wide with high sensitivity and specificity in Left lobe of liver.	Haiyuan Yu, Cornell	ENCODE	released	/files/ENCFF064FYG/,/files/ENCFF531BRM/,/files/ENCFF855ZCG/,/files/ENCFF751ZSN/,/files/ENCFF899NLD/,/files/ENCFF609UFJ/,/files/ENCFF528FOD/,/files/ENCFF713LYC/,/files/ENCFF256LKA/,/files/ENCFF291NJR/,/files/ENCFF566XPP/,/files/ENCFF890URC/,/files/ENCFF972TKK/,/files/ENCFF109XGP/,/files/ENCFF306NXH/,/files/ENCFF992ZUB/,/files/ENCFF636IFP/,/files/ENCFF166DQK/		ENCBS089LIV	1	1,2		Homo sapiens	adult	45 years												/replicates/c30aea49-95df-4ed7-90c7-6215c3b68d43/,/replicates/6efd2bc1-589c-4642-a1a1-bf64085c2ab3/				capped RNA enrichment
/experiments/ENCSR233GRN/	ENCSR233GRN	PRO-cap	PRO-cap	tissue				Homo sapiens bronchus tissue female adult (68 years)	bronchus		A run-on assay that precisely maps the transcription start sites genome-wide with high sensitivity and specificity in Bronchus.	Haiyuan Yu, Cornell	ENCODE	released	/files/ENCFF370IAD/,/files/ENCFF819MSZ/,/files/ENCFF996ZBO/,/files/ENCFF649XMH/,/files/ENCFF506QKY/,/files/ENCFF624FOS/,/files/ENCFF560ZGX/,/files/ENCFF286YLI/,/files/ENCFF444QJW/,/files/ENCFF203MHO/,/files/ENCFF120ZXQ/,/files/ENCFF828FHM/,/files/ENCFF598LGS/,/files/ENCFF595PYI/,/files/ENCFF396XST/		ENCBS728SJT	1	1,2		Homo sapiens	adult	68 years												/replicates/8db0cdcb-936e-4b14-bd5a-8a23e935b808/,/replicates/07a4f60d-aa41-456e-b9d8-d690b9b9b2c9/				capped RNA enrichment
/experiments/ENCSR997INZ/	ENCSR997INZ	PRO-cap	PRO-cap	tissue				Homo sapiens right atrium auricular region tissue female adult (53 years)	right atrium auricular region		A run-on assay that precisely maps the transcription start sites genome-wide with high sensitivity and specificity in Right atrium auricular region of heart.	Haiyuan Yu, Cornell	ENCODE	released	/files/ENCFF301GRG/,/files/ENCFF694MQO/,/files/ENCFF099MXU/,/files/ENCFF256IOZ/,/files/ENCFF311PGB/,/files/ENCFF847MDG/,/files/ENCFF940LRO/,/files/ENCFF127DOG/,/files/ENCFF731XGB/,/files/ENCFF948DHJ/,/files/ENCFF851KFY/,/files/ENCFF866JGJ/,/files/ENCFF719BMO/,/files/ENCFF795SQY/,/files/ENCFF825ZSU/		ENCBS137VXA	1	2,1		Homo sapiens	adult	53 years												/replicates/17e9a4c1-9395-47c7-adcc-06534730a53a/,/replicates/7fa43e5f-a625-4227-b869-aa196c02b3cf/				capped RNA enrichment
/experiments/ENCSR431MXP/	ENCSR431MXP	PRO-cap	PRO-cap	tissue				Homo sapiens thyroid gland tissue female adult (51 years)	thyroid gland		A run-on assay that precisely maps the transcription start sites genome-wide with high sensitivity and specificity in Thyroid gland.	Haiyuan Yu, Cornell	ENCODE	released	/files/ENCFF500SOJ/,/files/ENCFF526DAU/,/files/ENCFF843ZQD/,/files/ENCFF462LSL/,/files/ENCFF392LCB/,/files/ENCFF119FIE/,/files/ENCFF806ERR/,/files/ENCFF421VEP/,/files/ENCFF004QOI/,/files/ENCFF833TZN/,/files/ENCFF247QWI/,/files/ENCFF947EZN/,/files/ENCFF972OIO/,/files/ENCFF361STP/,/files/ENCFF467BQC/		ENCBS695NRD	1	2,1		Homo sapiens	adult	51 years												/replicates/864c66fa-51fc-4806-b5fd-dffd577b9533/,/replicates/9b14c6ff-6445-4f85-8ff8-112e5dd47ae6/				capped RNA enrichment
/experiments/ENCSR255MUU/	ENCSR255MUU	PRO-cap	PRO-cap	in vitro differentiated cells				Homo sapiens progenitor cell of endocrine pancreas	progenitor cell of endocrine pancreas		A run-on assay that precisely maps the transcription start sites genome-wide with high sensitivity and specificity in H9 derived pancreatic progenitor cells.	Haiyuan Yu, Cornell	ENCODE	released	/files/ENCFF765GRA/,/files/ENCFF556BDT/,/files/ENCFF096XOI/,/files/ENCFF969XMO/,/files/ENCFF752JUB/,/files/ENCFF045PCS/,/files/ENCFF973HPX/,/files/ENCFF467SIF/,/files/ENCFF744QIW/,/files/ENCFF202JIP/,/files/ENCFF218WHO/,/files/ENCFF110CJJ/,/files/ENCFF993AMV/,/files/ENCFF266MVV/,/files/ENCFF410TZS/,/files/ENCFF747TXG/,/files/ENCFF775KEK/,/files/ENCFF069LKB/		ENCBS731VJL,ENCBS757CPW	1,2	1		Homo sapiens	embryonic	5 days												/replicates/299d92e1-75d9-4a2c-a8cd-2ff177f44e93/,/replicates/296df0bd-8e2a-4799-880b-2b9ab041934b/				capped RNA enrichment
/experiments/ENCSR673CJC/	ENCSR673CJC	PRO-cap	PRO-cap	tissue				Homo sapiens Metastatic Lung Carcinoma in the Adrenal Gland tissue female adult (54 years)	Metastatic Lung Carcinoma in the Adrenal Gland		A run-on assay that precisely maps the transcription start sites genome-wide with high sensitivity and specificity in Metastatic lung cancer to adrenal gland.	Haiyuan Yu, Cornell	ENCODE	released	/files/ENCFF064XAK/,/files/ENCFF632TNL/,/files/ENCFF861OCX/,/files/ENCFF352PGZ/,/files/ENCFF071NAE/,/files/ENCFF853CUZ/,/files/ENCFF301RIB/,/files/ENCFF005KCS/,/files/ENCFF860YVL/		ENCBS432AFP	1	1		Homo sapiens	adult	54 years												/replicates/058e0fa0-cb57-4602-9055-927d2a8d58d8/				capped RNA enrichment
/experiments/ENCSR946MDO/	ENCSR946MDO	PRO-cap	PRO-cap	tissue				Homo sapiens gastroesophageal sphincter tissue male adult (37 years)	gastroesophageal sphincter		A run-on assay that precisely maps the transcription start sites genome-wide with high sensitivity and specificity in Gastroesophageal sphincter.	Haiyuan Yu, Cornell	ENCODE	released	/files/ENCFF556ETN/,/files/ENCFF787BYF/,/files/ENCFF755OEK/,/files/ENCFF049LII/,/files/ENCFF545UGP/,/files/ENCFF203LNI/,/files/ENCFF895HWK/,/files/ENCFF767TFC/,/files/ENCFF615XDK/,/files/ENCFF076UHT/,/files/ENCFF651ICI/,/files/ENCFF550PED/,/files/ENCFF446ATH/,/files/ENCFF078HZU/,/files/ENCFF808JKP/		ENCBS550QOQ	1	2,1		Homo sapiens	adult	37 years												/replicates/edf07433-e132-49c5-878c-ee510e079ccb/,/replicates/70549e13-9b95-479d-bca5-d51c3021e802/				capped RNA enrichment
/experiments/ENCSR841GXY/	ENCSR841GXY	PRO-cap	PRO-cap	primary cell				Homo sapiens monocyte	monocyte		A run-on assay that precisely maps the transcription start sites genome-wide with high sensitivity and specificity in Monocytes.	Haiyuan Yu, Cornell	ENCODE	released	/files/ENCFF855TOU/,/files/ENCFF733YGT/,/files/ENCFF104ISG/,/files/ENCFF808ZXD/,/files/ENCFF539TFE/,/files/ENCFF491ZTP/,/files/ENCFF523WDO/,/files/ENCFF589BDD/,/files/ENCFF364PXT/,/files/ENCFF490OXD/,/files/ENCFF146FGU/,/files/ENCFF942ZKL/,/files/ENCFF664QSA/,/files/ENCFF219FVU/,/files/ENCFF513TWP/,/files/ENCFF640WWL/,/files/ENCFF392OBQ/,/files/ENCFF332TVD/		ENCBS526SHG	1	1,2		Homo sapiens	unknown													/replicates/f00c770b-2b9f-4d1b-983e-d23c1cf04e23/,/replicates/80c5b9ab-ff3a-4305-b96e-5fbafdac2a12/				capped RNA enrichment
/experiments/ENCSR296XBI/	ENCSR296XBI	PRO-cap	PRO-cap	primary cell				Homo sapiens T-cell	T-cell		A run-on assay that precisely maps the transcription start sites genome-wide with high sensitivity and specificity in Pan T cells.	Haiyuan Yu, Cornell	ENCODE	released	/files/ENCFF198VUP/,/files/ENCFF604DLN/,/files/ENCFF166QKF/,/files/ENCFF494DFF/,/files/ENCFF837GZW/,/files/ENCFF404DIA/,/files/ENCFF673JVH/,/files/ENCFF931XON/,/files/ENCFF215HTF/,/files/ENCFF013SHE/,/files/ENCFF974XOG/,/files/ENCFF310DAW/,/files/ENCFF881LKL/,/files/ENCFF376CCD/,/files/ENCFF161VCQ/		ENCBS363NUK	1	2,1		Homo sapiens	unknown													/replicates/42e8bfac-3752-4831-b3bd-8195aa108db8/,/replicates/2e5201d2-593a-4000-bb8d-88feff65982e/				capped RNA enrichment
/experiments/ENCSR072JHG/	ENCSR072JHG	PRO-cap	PRO-cap	tissue				Homo sapiens liver tissue female adult (71 years)	liver		A run-on assay that precisely maps the transcription start sites genome-wide with high sensitivity and specificity in Liver.	Haiyuan Yu, Cornell	ENCODE	released	/files/ENCFF231YYS/,/files/ENCFF714MBP/,/files/ENCFF295NRW/,/files/ENCFF953WCJ/,/files/ENCFF558OTD/,/files/ENCFF859JLJ/,/files/ENCFF769QBH/,/files/ENCFF797DQN/,/files/ENCFF932CKV/,/files/ENCFF535KZY/,/files/ENCFF797UIZ/,/files/ENCFF896AAV/,/files/ENCFF734XLJ/,/files/ENCFF710FSS/,/files/ENCFF351WTC/,/files/ENCFF324XRK/,/files/ENCFF381SJY/,/files/ENCFF724JXV/		ENCBS527CMP	1	1,2		Homo sapiens	adult	71 years												/replicates/20baa608-4c7b-4589-8fba-be9cb08445e9/,/replicates/353dd9e5-1c7e-4aa1-9dff-b8893e5d7c58/				capped RNA enrichment
/experiments/ENCSR883HAT/	ENCSR883HAT	PRO-cap	PRO-cap	tissue				Homo sapiens uterus tissue female adult (42 years)	uterus		A run-on assay that precisely maps the transcription start sites genome-wide with high sensitivity and specificity in Uterus.	Haiyuan Yu, Cornell	ENCODE	released	/files/ENCFF802URG/,/files/ENCFF139AHS/,/files/ENCFF332TDV/,/files/ENCFF047IIR/,/files/ENCFF388QGI/,/files/ENCFF605RFR/,/files/ENCFF778BLX/,/files/ENCFF015TTJ/,/files/ENCFF762ISN/,/files/ENCFF188WIH/,/files/ENCFF637HFL/,/files/ENCFF362NCT/,/files/ENCFF402SBN/,/files/ENCFF080CZY/,/files/ENCFF961OTP/		ENCBS364FET	1	2,1		Homo sapiens	adult	42 years												/replicates/4db41915-63f3-4f14-b6c4-4e1c09640be8/,/replicates/2c9757de-91a6-4587-8b06-4193ff0b9416/				capped RNA enrichment
/experiments/ENCSR360MUR/	ENCSR360MUR	PRO-cap	PRO-cap	cell line				Homo sapiens HCT116 genetically modified (insertion) using CRISPR inserting O. sativa LOC4335696, (insertion) using CRISPR targeting H. sapiens BRD4	HCT116	GEO:GSE219736	A run-on assay that precisely maps the transcription start sites genome-wide with high sensitivity and specificity in BRD4_U.	Haiyuan Yu, Cornell	ENCODE	released	/files/ENCFF387MAO/,/files/ENCFF172MZZ/,/files/ENCFF464IDJ/,/files/ENCFF715ETB/,/files/ENCFF665MIB/,/files/ENCFF260FKP/,/files/ENCFF621GGJ/,/files/ENCFF467CAB/,/files/ENCFF652SYZ/,/files/ENCFF568VYK/,/files/ENCFF676ZDT/,/files/ENCFF346FVE/,/files/ENCFF886OGM/,/files/ENCFF076YIL/,/files/ENCFF905HOZ/,/files/ENCFF120ZGX/,/files/ENCFF996GWY/,/files/ENCFF128YNG/,/files/ENCFF746WNN/,/files/ENCFF727ABO/,/files/ENCFF172YFM/,/files/ENCFF667FFP/,/files/ENCFF742VBE/,/files/ENCFF153HQY/,/files/ENCFF885XYS/	/gene-silencing-series/ENCSR339WVN/	ENCBS214JQO,ENCBS930EMD	1,2	1		Homo sapiens	adult	48 years										/organisms/human/	/organisms/rice/	/replicates/c58825db-a036-4c6f-8360-6ceb1fd3323d/,/replicates/427ac76b-d0a4-4264-9916-70386550301d/				capped RNA enrichment
/experiments/ENCSR871CUV/	ENCSR871CUV	PRO-cap	PRO-cap	cell line				Homo sapiens HCT116 genetically modified (insertion) using CRISPR inserting O. sativa LOC4335696, (insertion) using CRISPR targeting H. sapiens CDK7 treated with 1 μM 5-Phenyl-1H-indole-3-acetic acid for 6 hours	HCT116	GEO:GSE219858	A run-on assay that precisely maps the transcription start sites genome-wide with high sensitivity and specificity in CDK7_T.	Haiyuan Yu, Cornell	ENCODE	released	/files/ENCFF133AFK/,/files/ENCFF359SGF/,/files/ENCFF288AKY/,/files/ENCFF689AUP/,/files/ENCFF070VWS/,/files/ENCFF174YUJ/,/files/ENCFF901ASZ/,/files/ENCFF411XYB/,/files/ENCFF237ENJ/,/files/ENCFF257LDX/,/files/ENCFF128HHS/,/files/ENCFF761NFO/,/files/ENCFF016KQE/,/files/ENCFF842DXS/,/files/ENCFF317DAO/,/files/ENCFF671XSN/,/files/ENCFF137EGF/,/files/ENCFF614CKJ/,/files/ENCFF936TVI/,/files/ENCFF383NKD/,/files/ENCFF803YGU/,/files/ENCFF716WJJ/,/files/ENCFF985IMJ/,/files/ENCFF683ZTA/,/files/ENCFF510IYZ/	/gene-silencing-series/ENCSR486OWZ/	ENCBS143QQX,ENCBS369YWA	1,2	1		Homo sapiens	adult	48 years	5-Phenyl-1H-indole-3-acetic acid		1	μM	6	hour				/organisms/human/	/organisms/rice/	/replicates/f73f0255-76eb-4058-a414-799e37afd253/,/replicates/da4a9456-92ef-4d73-ae7d-5657c9b6e942/				capped RNA enrichment
/experiments/ENCSR676YGJ/	ENCSR676YGJ	PRO-cap	PRO-cap	tissue				Homo sapiens heart left ventricle tissue female adult (53 years)	heart left ventricle		A run-on assay that precisely maps the transcription start sites genome-wide with high sensitivity and specificity in Left ventricle of heart.	Haiyuan Yu, Cornell	ENCODE	released	/files/ENCFF440CSD/,/files/ENCFF117YUZ/,/files/ENCFF360RBO/,/files/ENCFF033HCK/,/files/ENCFF540HDJ/,/files/ENCFF854ATH/,/files/ENCFF554HSK/,/files/ENCFF115KOD/,/files/ENCFF231FBL/,/files/ENCFF903XWA/,/files/ENCFF760NXM/,/files/ENCFF932BDC/,/files/ENCFF034AUY/,/files/ENCFF957BQR/,/files/ENCFF006WAF/		ENCBS844AGC	1	1,2		Homo sapiens	adult	53 years												/replicates/40be675f-ca85-469b-bad5-468b49a08a71/,/replicates/fb154a25-158b-4b73-b81e-add6fa4d9550/				capped RNA enrichment
/experiments/ENCSR571OAW/	ENCSR571OAW	PRO-cap	PRO-cap	in vitro differentiated cells				Homo sapiens mesothelial cell of epicardium	mesothelial cell of epicardium		A run-on assay that precisely maps the transcription start sites genome-wide with high sensitivity and specificity in H9 derived epicardium (mesothelium).	Haiyuan Yu, Cornell	ENCODE	released	/files/ENCFF415SFY/,/files/ENCFF126EPR/,/files/ENCFF553JCZ/,/files/ENCFF453WQR/,/files/ENCFF736NAS/,/files/ENCFF869FYH/,/files/ENCFF640HTP/,/files/ENCFF955LLB/,/files/ENCFF678RWD/,/files/ENCFF905EHU/,/files/ENCFF413HDL/,/files/ENCFF345ZUC/,/files/ENCFF706QHH/,/files/ENCFF516FCT/,/files/ENCFF675DRE/,/files/ENCFF334HUN/,/files/ENCFF534EDW/,/files/ENCFF516UGK/,/files/ENCFF970XCA/,/files/ENCFF118LSL/,/files/ENCFF347OQB/		ENCBS519ODM,ENCBS936OUC	1,2	1		Homo sapiens	embryonic	5 days												/replicates/41af1a68-752f-4be4-9bf2-69ce09a2b217/,/replicates/c978feb5-2603-4e8c-a274-38b35830f9f3/				capped RNA enrichment
/experiments/ENCSR632XIZ/	ENCSR632XIZ	PRO-cap	PRO-cap	tissue				Homo sapiens skeletal muscle tissue tissue female adult (29 years)	skeletal muscle tissue		A run-on assay that precisely maps the transcription start sites genome-wide with high sensitivity and specificity in Skeletal muscle of arm.	Haiyuan Yu, Cornell	ENCODE	released	/files/ENCFF537SEX/,/files/ENCFF291MSQ/,/files/ENCFF565UVZ/,/files/ENCFF789UIE/,/files/ENCFF317AKG/,/files/ENCFF787YQT/,/files/ENCFF578WKF/,/files/ENCFF310TVW/,/files/ENCFF664OXB/,/files/ENCFF689PNQ/,/files/ENCFF004BUF/,/files/ENCFF650JQJ/,/files/ENCFF923PWV/,/files/ENCFF869EJO/,/files/ENCFF652IGY/,/files/ENCFF387FZF/,/files/ENCFF245MMW/,/files/ENCFF047XJH/		ENCBS609THQ	1	2,1		Homo sapiens	adult	29 years												/replicates/62bd7566-ee2f-47a7-8d0d-1af7473b441b/,/replicates/84051801-26ef-4919-ac0c-b7394d7277a3/				capped RNA enrichment
/experiments/ENCSR179FHG/	ENCSR179FHG	PRO-cap	PRO-cap	tissue				Homo sapiens sigmoid colon tissue female adult (53 years)	sigmoid colon		A run-on assay that precisely maps the transcription start sites genome-wide with high sensitivity and specificity in Sigmoid colon.	Haiyuan Yu, Cornell	ENCODE	released	/files/ENCFF700ENN/,/files/ENCFF518JAU/,/files/ENCFF355LPW/,/files/ENCFF624TFJ/,/files/ENCFF597XCN/,/files/ENCFF515WGK/,/files/ENCFF975IKD/,/files/ENCFF906HMY/,/files/ENCFF335GEL/,/files/ENCFF618FAW/,/files/ENCFF900NFJ/,/files/ENCFF113TXU/,/files/ENCFF852AGT/,/files/ENCFF170AJQ/,/files/ENCFF491SJY/		ENCBS877ZRX	1	1,2		Homo sapiens	adult	53 years												/replicates/517384bd-65c0-4f68-8563-8f1f97729845/,/replicates/63e261c3-0ea7-4c31-9f18-3f3863f7afb9/				capped RNA enrichment
/experiments/ENCSR246YHR/	ENCSR246YHR	PRO-cap	PRO-cap	tissue				Homo sapiens esophagus muscularis mucosa tissue female adult (53 years)	esophagus muscularis mucosa		A run-on assay that precisely maps the transcription start sites genome-wide with high sensitivity and specificity in Esophagus muscularis mucosa.	Haiyuan Yu, Cornell	ENCODE	released	/files/ENCFF260UXL/,/files/ENCFF069BRY/,/files/ENCFF271RTG/,/files/ENCFF228GDL/,/files/ENCFF721CRY/,/files/ENCFF889BJS/,/files/ENCFF388QSY/,/files/ENCFF362QVC/,/files/ENCFF543THJ/,/files/ENCFF389DJS/,/files/ENCFF243OLD/,/files/ENCFF804RZL/,/files/ENCFF147RAN/,/files/ENCFF863HUX/,/files/ENCFF720ZVH/		ENCBS189SWU	1	2,1		Homo sapiens	adult	53 years												/replicates/c137c2a5-9a48-42a1-a010-00bb9a85faed/,/replicates/5542b878-6770-4e38-906d-f57261b775cc/				capped RNA enrichment
/experiments/ENCSR353ZXW/	ENCSR353ZXW	PRO-cap	PRO-cap	cell line				Homo sapiens SP-49	SP-49		A run-on assay that precisely maps the transcription start sites genome-wide with high sensitivity and specificity in SP49.	Haiyuan Yu, Cornell	ENCODE	released	/files/ENCFF020TUP/,/files/ENCFF632WLL/,/files/ENCFF191WRG/,/files/ENCFF776BXS/,/files/ENCFF846EJP/,/files/ENCFF413JQL/,/files/ENCFF428DXE/,/files/ENCFF765AOJ/,/files/ENCFF781NVO/,/files/ENCFF688EKC/,/files/ENCFF109TJP/,/files/ENCFF830QJK/,/files/ENCFF751BKA/,/files/ENCFF635AJB/,/files/ENCFF725OYP/		ENCBS371DGZ,ENCBS594KNU	1,2	1		Homo sapiens	adult	58 years												/replicates/df7748b8-c933-4c60-a483-37f13dfe4830/,/replicates/790438d6-27c8-4ac9-8168-c9f5704661ff/				capped RNA enrichment
/experiments/ENCSR845LKT/	ENCSR845LKT	PRO-cap	PRO-cap	tissue				Homo sapiens right lobe of liver tissue female child (16 years)	right lobe of liver		A run-on assay that precisely maps the transcription start sites genome-wide with high sensitivity and specificity in Right lobe of liver.	Haiyuan Yu, Cornell	ENCODE	released	/files/ENCFF696QMR/,/files/ENCFF645ITK/,/files/ENCFF965FYX/,/files/ENCFF485ZLN/,/files/ENCFF370VYM/,/files/ENCFF915PBH/,/files/ENCFF919DMV/,/files/ENCFF847XOP/,/files/ENCFF320RYW/,/files/ENCFF156VGN/,/files/ENCFF698MOC/,/files/ENCFF555AEH/,/files/ENCFF107CAH/,/files/ENCFF827XRD/,/files/ENCFF770MQV/,/files/ENCFF240VRD/,/files/ENCFF038DFM/,/files/ENCFF485IWG/		ENCBS061QJV	1	1,2		Homo sapiens	child	16 years												/replicates/29a8c05c-0ee3-4622-a8cd-14ad57d74d3a/,/replicates/f7ad8429-28ea-4d4e-8e86-3ac6e00b3362/				capped RNA enrichment
/experiments/ENCSR794VAJ/	ENCSR794VAJ	PRO-cap	PRO-cap	tissue				Homo sapiens sciatic nerve tissue female adult (41 years)	sciatic nerve		A run-on assay that precisely maps the transcription start sites genome-wide with high sensitivity and specificity in Sciatic nerve.	Haiyuan Yu, Cornell	ENCODE	released	/files/ENCFF506SAN/,/files/ENCFF834TVD/,/files/ENCFF970UYD/,/files/ENCFF493OZS/,/files/ENCFF884TOM/,/files/ENCFF658WPT/,/files/ENCFF910EVT/,/files/ENCFF114HLT/,/files/ENCFF643FRJ/,/files/ENCFF723UNC/,/files/ENCFF539UFB/,/files/ENCFF316HDE/,/files/ENCFF942QDQ/,/files/ENCFF072WMN/,/files/ENCFF014SON/,/files/ENCFF671QMO/,/files/ENCFF944JXV/,/files/ENCFF381FJT/		ENCBS437TRT	1	1,2		Homo sapiens	adult	41 years												/replicates/68d29a8d-dd98-4c05-b3fd-d750432bf973/,/replicates/4dd080ee-1993-44b1-9476-f8733a7e62cd/				capped RNA enrichment
/experiments/ENCSR610POV/	ENCSR610POV	PRO-cap	PRO-cap	tissue				Homo sapiens Metastatic Breast Carcinoma in the Brain tissue female adult (40 years)	Metastatic Breast Carcinoma in the Brain		A run-on assay that precisely maps the transcription start sites genome-wide with high sensitivity and specificity in Metastatic breast cancer to brain.	Haiyuan Yu, Cornell	ENCODE	released	/files/ENCFF629TLI/,/files/ENCFF867DIT/,/files/ENCFF899WXC/,/files/ENCFF610GYV/,/files/ENCFF371EYI/,/files/ENCFF438OEY/,/files/ENCFF086JUV/,/files/ENCFF529FQL/,/files/ENCFF683IKL/,/files/ENCFF431XHR/,/files/ENCFF087KOR/,/files/ENCFF487ERE/,/files/ENCFF549QKG/,/files/ENCFF756LXE/,/files/ENCFF562FXC/,/files/ENCFF419XUT/,/files/ENCFF639ORQ/,/files/ENCFF903YWX/,/files/ENCFF422PZM/,/files/ENCFF228CRR/,/files/ENCFF483HHI/,/files/ENCFF627MKY/,/files/ENCFF277IUN/,/files/ENCFF830VKK/,/files/ENCFF699FGN/,/files/ENCFF395QJC/,/files/ENCFF279XFA/		ENCBS047LKP	1	1,2		Homo sapiens	adult	40 years												/replicates/5bc80e6e-8e4a-41c3-a5c5-fa13618284e0/,/replicates/0ff5a668-df45-43b8-a719-b525ff004443/				capped RNA enrichment
/experiments/ENCSR220OLX/	ENCSR220OLX	PRO-cap	PRO-cap	tissue				Homo sapiens left colon tissue female adult (46 years)	left colon		A run-on assay that precisely maps the transcription start sites genome-wide with high sensitivity and specificity in Left colon.	Haiyuan Yu, Cornell	ENCODE	released	/files/ENCFF503EJA/,/files/ENCFF705EBW/,/files/ENCFF167AJC/,/files/ENCFF679KSL/,/files/ENCFF695PNB/,/files/ENCFF611LLB/,/files/ENCFF376CAM/,/files/ENCFF649VMU/,/files/ENCFF608QEE/,/files/ENCFF783HOY/,/files/ENCFF540ITR/,/files/ENCFF330LFL/,/files/ENCFF019DCD/,/files/ENCFF264FOZ/,/files/ENCFF096RMS/		ENCBS671GUJ	1	1,2		Homo sapiens	adult	46 years												/replicates/0463a48b-8d43-4295-8b09-b1349789e713/,/replicates/1e235076-b8ab-48ed-8ff4-b9284e9a9561/				capped RNA enrichment
/experiments/ENCSR966RLG/	ENCSR966RLG	PRO-cap	PRO-cap	cell line				Homo sapiens HCT116 genetically modified (insertion) using CRISPR inserting O. sativa LOC4335696, (insertion) using CRISPR targeting H. sapiens SMARCA5 treated with 1 μM 5-Phenyl-1H-indole-3-acetic acid for 6 hours	HCT116		A run-on assay that precisely maps the transcription start sites genome-wide with high sensitivity and specificity in SMARCA5_T.	Haiyuan Yu, Cornell	ENCODE	released	/files/ENCFF172WAR/,/files/ENCFF531PBS/,/files/ENCFF820BRR/,/files/ENCFF131JKT/,/files/ENCFF172UZD/,/files/ENCFF837CQF/,/files/ENCFF213AEO/,/files/ENCFF926CIE/,/files/ENCFF050HYB/,/files/ENCFF854YYZ/,/files/ENCFF600JXG/,/files/ENCFF064LEI/,/files/ENCFF241DYI/,/files/ENCFF164MAE/,/files/ENCFF053RAL/		ENCBS540RKF,ENCBS288BQH	1,2	1		Homo sapiens	adult	48 years	5-Phenyl-1H-indole-3-acetic acid		1	μM	6	hour				/organisms/human/	/organisms/rice/	/replicates/84129485-7268-48dc-8d49-6a1acb8e43dd/,/replicates/fc6fa9b5-b4e3-4196-9e8d-c789a9cdaf85/				capped RNA enrichment
/experiments/ENCSR342WAR/	ENCSR342WAR	PRO-cap	PRO-cap	in vitro differentiated cells				Homo sapiens neuron	neuron		A run-on assay that precisely maps the transcription start sites genome-wide with high sensitivity and specificity in PGP-1 derived excitatory cortical neurons.	Haiyuan Yu, Cornell	ENCODE	released	/files/ENCFF895ZDS/,/files/ENCFF058TPP/,/files/ENCFF523ZIV/,/files/ENCFF440KKM/,/files/ENCFF210FBS/,/files/ENCFF258FSC/,/files/ENCFF384PCL/,/files/ENCFF783FOH/,/files/ENCFF105TOD/,/files/ENCFF649ESY/,/files/ENCFF330JNY/,/files/ENCFF995VYK/,/files/ENCFF068YHS/,/files/ENCFF505FVC/,/files/ENCFF803URG/		ENCBS423YDP,ENCBS014KRI	1,2	1		Homo sapiens	adult	53 years												/replicates/16eaee43-deb9-4fd6-bb5f-88a5f1c0934e/,/replicates/f44783fd-4c05-4ecc-8327-7d18d81c3c59/				capped RNA enrichment
/experiments/ENCSR956DBV/	ENCSR956DBV	PRO-cap	PRO-cap	tissue				Homo sapiens suprapubic skin tissue female adult (53 years)	suprapubic skin		A run-on assay that precisely maps the transcription start sites genome-wide with high sensitivity and specificity in Suprapubic skin.	Haiyuan Yu, Cornell	ENCODE	released	/files/ENCFF782ZSM/,/files/ENCFF967RLT/,/files/ENCFF245BYV/,/files/ENCFF417RCB/,/files/ENCFF500TMF/,/files/ENCFF678AUW/,/files/ENCFF802EDW/,/files/ENCFF808SED/,/files/ENCFF282YSZ/,/files/ENCFF329BEH/,/files/ENCFF921DLU/,/files/ENCFF705RXG/,/files/ENCFF336ZEH/,/files/ENCFF705WSW/,/files/ENCFF458MKA/,/files/ENCFF772LHI/,/files/ENCFF241FIS/,/files/ENCFF831NRM/		ENCBS569RWY	1	2,1		Homo sapiens	adult	53 years												/replicates/f648cedb-bbbd-4d0f-8a43-47897b6165ac/,/replicates/41cbcc8b-34b9-49b4-be30-f95f05755a0f/				capped RNA enrichment
/experiments/ENCSR482XCK/	ENCSR482XCK	PRO-cap	PRO-cap	tissue				Homo sapiens ovary tissue female adult (53 years)	ovary		A run-on assay that precisely maps the transcription start sites genome-wide with high sensitivity and specificity in Ovary.	Haiyuan Yu, Cornell	ENCODE	released	/files/ENCFF220HZU/,/files/ENCFF323WJV/,/files/ENCFF517HIF/,/files/ENCFF474YAF/,/files/ENCFF621EQS/,/files/ENCFF900HDO/,/files/ENCFF449BIW/,/files/ENCFF396AFP/,/files/ENCFF556SMI/,/files/ENCFF201XNX/,/files/ENCFF526KDB/,/files/ENCFF996UHC/,/files/ENCFF287REW/,/files/ENCFF609YQI/,/files/ENCFF428INC/		ENCBS079YVX	1	2,1		Homo sapiens	adult	53 years												/replicates/9908d8de-d340-4036-94c7-e2bbf8d4ea25/,/replicates/3e08571c-8ee2-42d2-9f46-95a0cd3fa659/				capped RNA enrichment
/experiments/ENCSR516KII/	ENCSR516KII	PRO-cap	PRO-cap	in vitro differentiated cells				Homo sapiens astrocyte	astrocyte		A run-on assay that precisely maps the transcription start sites genome-wide with high sensitivity and specificity in PGP-1 derived astrocytes.	Haiyuan Yu, Cornell	ENCODE	released	/files/ENCFF229IBV/,/files/ENCFF778ZBF/,/files/ENCFF659JRR/,/files/ENCFF468XCX/,/files/ENCFF509JGF/,/files/ENCFF756FRC/,/files/ENCFF373PSP/,/files/ENCFF289PSO/,/files/ENCFF203KZU/,/files/ENCFF101STS/,/files/ENCFF414MEP/,/files/ENCFF213DLS/,/files/ENCFF327IXP/,/files/ENCFF593NGK/,/files/ENCFF391SBS/,/files/ENCFF230GZV/,/files/ENCFF895ZFF/,/files/ENCFF925TON/		ENCBS217MHK,ENCBS559GZV	1,2	1		Homo sapiens	adult	53 years												/replicates/7c8da13d-e491-4395-a0eb-6f6105b1c0fa/,/replicates/e2618c7c-145c-472a-8064-cf7094bb0f78/				capped RNA enrichment
/experiments/ENCSR280NVT/	ENCSR280NVT	PRO-cap	PRO-cap	tissue				Homo sapiens vagina tissue female adult (53 years)	vagina		A run-on assay that precisely maps the transcription start sites genome-wide with high sensitivity and specificity in Vagina.	Haiyuan Yu, Cornell	ENCODE	released	/files/ENCFF784KLR/,/files/ENCFF247XLL/,/files/ENCFF702CIL/,/files/ENCFF481QHK/,/files/ENCFF688MXR/,/files/ENCFF466XOY/,/files/ENCFF861CTJ/,/files/ENCFF980UFB/,/files/ENCFF324LOL/,/files/ENCFF026UHD/,/files/ENCFF113OSU/,/files/ENCFF835LYZ/,/files/ENCFF883NBI/,/files/ENCFF677CVD/,/files/ENCFF522UPX/		ENCBS904BDJ	1	2,1		Homo sapiens	adult	53 years												/replicates/2238c79e-e59f-4a87-8811-ce494ca851bb/,/replicates/bb777ee2-2328-4ab5-ba87-55dadb6904ee/				capped RNA enrichment
/experiments/ENCSR245HPE/	ENCSR245HPE	PRO-cap	PRO-cap	tissue				Homo sapiens psoas muscle tissue female adult (41 years)	psoas muscle		A run-on assay that precisely maps the transcription start sites genome-wide with high sensitivity and specificity in Psoas muscle.	Haiyuan Yu, Cornell	ENCODE	released	/files/ENCFF842DQT/,/files/ENCFF418AMK/,/files/ENCFF012TUG/,/files/ENCFF649EMJ/,/files/ENCFF763KUI/,/files/ENCFF452XIF/,/files/ENCFF234GLW/,/files/ENCFF445TCS/,/files/ENCFF645INU/,/files/ENCFF264CPJ/,/files/ENCFF631GYP/,/files/ENCFF615ZAO/,/files/ENCFF313PCX/,/files/ENCFF737MOO/,/files/ENCFF385LKB/,/files/ENCFF457KVY/,/files/ENCFF136ZHI/,/files/ENCFF278XID/		ENCBS533GIY	1	2,1		Homo sapiens	adult	41 years												/replicates/a753fc08-2e5a-4573-9ce1-b8f391d5d6f7/,/replicates/41dc1a3d-7ae2-4515-84e5-aa2ecf0d516b/				capped RNA enrichment
/experiments/ENCSR889QVM/	ENCSR889QVM	PRO-cap	PRO-cap	tissue				Homo sapiens ovary tissue female adult (53 years)	ovary		A run-on assay that precisely maps the transcription start sites genome-wide with high sensitivity and specificity in Ovary.	Haiyuan Yu, Cornell	ENCODE	released	/files/ENCFF717WLX/,/files/ENCFF429UCN/,/files/ENCFF942UEK/,/files/ENCFF691PDL/,/files/ENCFF773VGJ/,/files/ENCFF492SVZ/,/files/ENCFF063JWN/,/files/ENCFF441YAA/,/files/ENCFF225QRI/,/files/ENCFF042LWJ/,/files/ENCFF708CZI/,/files/ENCFF393JXD/,/files/ENCFF852ZQR/,/files/ENCFF653BLJ/,/files/ENCFF617FMS/		ENCBS367YRP	1	2,1		Homo sapiens	adult	53 years												/replicates/bf401b04-a0af-416b-be43-143576ffa68b/,/replicates/12f09dad-9983-491b-b472-96b13bf654ad/				capped RNA enrichment
/experiments/ENCSR712UDA/	ENCSR712UDA	PRO-cap	PRO-cap	primary cell				Homo sapiens peripheral blood mononuclear cell	peripheral blood mononuclear cell		A run-on assay that precisely maps the transcription start sites genome-wide with high sensitivity and specificity in PBMCs.	Haiyuan Yu, Cornell	ENCODE	released	/files/ENCFF682XHW/,/files/ENCFF373YVU/,/files/ENCFF908WAI/,/files/ENCFF309AJX/,/files/ENCFF618GBF/,/files/ENCFF823AUC/,/files/ENCFF050VKM/,/files/ENCFF697KWI/,/files/ENCFF592QTD/,/files/ENCFF733TSK/,/files/ENCFF819SFE/,/files/ENCFF131GUM/,/files/ENCFF013WQN/,/files/ENCFF981PIT/,/files/ENCFF095VFN/		ENCBS488GBD	1	2,1		Homo sapiens	unknown													/replicates/ca3668f6-9002-444b-9ab2-cd0ee931d737/,/replicates/9fbe3a02-9658-4835-b216-ba5790bac47c/				capped RNA enrichment
/experiments/ENCSR926PFT/	ENCSR926PFT	PRO-cap	PRO-cap	tissue				Homo sapiens omental fat pad tissue female adult (53 years)	omental fat pad		A run-on assay that precisely maps the transcription start sites genome-wide with high sensitivity and specificity in Omental fat pad.	Haiyuan Yu, Cornell	ENCODE	released	/files/ENCFF910PMX/,/files/ENCFF303FZT/,/files/ENCFF826QFZ/,/files/ENCFF388LFB/,/files/ENCFF505CNK/,/files/ENCFF923CEH/,/files/ENCFF443OFA/,/files/ENCFF299JQI/,/files/ENCFF521MWC/		ENCBS435DGN	1	1		Homo sapiens	adult	53 years												/replicates/0324a4f0-0a5a-4e88-9f06-bd2d58ec0488/				capped RNA enrichment
/experiments/ENCSR679CMZ/	ENCSR679CMZ	PRO-cap	PRO-cap	tissue				Homo sapiens testis tissue male adult (54 years)	testis		A run-on assay that precisely maps the transcription start sites genome-wide with high sensitivity and specificity in Testis.	Haiyuan Yu, Cornell	ENCODE	released	/files/ENCFF370GYW/,/files/ENCFF441HBK/,/files/ENCFF193IRD/,/files/ENCFF641LYX/,/files/ENCFF534QXH/,/files/ENCFF696MMY/,/files/ENCFF301KEV/,/files/ENCFF298HOD/,/files/ENCFF484CYA/,/files/ENCFF052EMQ/,/files/ENCFF949APO/,/files/ENCFF779ATO/,/files/ENCFF382BDG/,/files/ENCFF104MEH/,/files/ENCFF780VYP/,/files/ENCFF569TXP/,/files/ENCFF408XKR/,/files/ENCFF447USZ/		ENCBS371UYV	1	2,1		Homo sapiens	adult	54 years												/replicates/f851a9d7-6901-4f70-9b6a-9648f0981a64/,/replicates/d0e13af1-5db7-40fe-8bd4-fb1fbdd99085/				capped RNA enrichment
/experiments/ENCSR642TRG/	ENCSR642TRG	PRO-cap	PRO-cap	tissue				Homo sapiens tibial artery tissue female adult (53 years)	tibial artery		A run-on assay that precisely maps the transcription start sites genome-wide with high sensitivity and specificity in Tibial artery.	Haiyuan Yu, Cornell	ENCODE	released	/files/ENCFF962LCW/,/files/ENCFF483ESG/,/files/ENCFF969VWN/,/files/ENCFF092CCW/,/files/ENCFF984IHC/,/files/ENCFF801ERI/,/files/ENCFF402OIG/,/files/ENCFF240PQP/,/files/ENCFF236LRF/,/files/ENCFF909ZBT/,/files/ENCFF240AEM/,/files/ENCFF464PRP/,/files/ENCFF738XVP/,/files/ENCFF007TNJ/,/files/ENCFF252EKB/		ENCBS723TRH	1	2,1		Homo sapiens	adult	53 years												/replicates/b5a32237-77a9-403c-b97e-581f2a2f4a5a/,/replicates/1bd285a1-8348-4414-8135-5c9f61d073a2/				capped RNA enrichment
/experiments/ENCSR723NVI/	ENCSR723NVI	PRO-cap	PRO-cap	primary cell				Homo sapiens with type 1 diabetes mellitus; T-cell female adult (48 years)	T-cell		A run-on assay that precisely maps the transcription start sites genome-wide with high sensitivity and specificity in T cells from T1D donor.	Haiyuan Yu, Cornell	ENCODE	released	/files/ENCFF555YEU/,/files/ENCFF387YDX/,/files/ENCFF988TBS/,/files/ENCFF013UAM/,/files/ENCFF499VLN/,/files/ENCFF620HBP/,/files/ENCFF207HZB/,/files/ENCFF728SFW/,/files/ENCFF005DCY/		ENCBS332KSI	1	1		Homo sapiens	adult	48 years												/replicates/619cbd39-8ef8-4e9f-8b5d-c4a46b5ec1b6/				capped RNA enrichment
/experiments/ENCSR175VMO/	ENCSR175VMO	PRO-cap	PRO-cap	tissue				Homo sapiens Metastatic Pancreatic Carcinoma in the Ovary tissue female adult (52 years)	Metastatic Pancreatic Carcinoma in the Ovary		A run-on assay that precisely maps the transcription start sites genome-wide with high sensitivity and specificity in Metastatic pancreatic cancer to ovary.	Haiyuan Yu, Cornell	ENCODE	released	/files/ENCFF197ENF/,/files/ENCFF097FOR/,/files/ENCFF591VVW/,/files/ENCFF707FTZ/,/files/ENCFF384FLE/,/files/ENCFF304XHF/,/files/ENCFF870DUL/,/files/ENCFF913QIV/,/files/ENCFF625VTG/		ENCBS573PNR	1	1		Homo sapiens	adult	52 years												/replicates/633713fa-6b53-4093-975c-004af7418c32/				capped RNA enrichment
/experiments/ENCSR718AQM/	ENCSR718AQM	PRO-cap	PRO-cap	cell line				Homo sapiens HCT116 genetically modified (insertion) using CRISPR inserting O. sativa LOC4335696, (insertion) using CRISPR targeting H. sapiens MED14 treated with 1 μM 5-Phenyl-1H-indole-3-acetic acid for 6 hours	HCT116		A run-on assay that precisely maps the transcription start sites genome-wide with high sensitivity and specificity in MED14_T.	Haiyuan Yu, Cornell	ENCODE	released	/files/ENCFF834RKB/,/files/ENCFF853PPN/,/files/ENCFF633IPP/,/files/ENCFF103FIS/,/files/ENCFF287RZL/,/files/ENCFF724HBF/,/files/ENCFF717DOE/,/files/ENCFF054ELJ/,/files/ENCFF597CJW/,/files/ENCFF532HFA/,/files/ENCFF971GBK/,/files/ENCFF203QOZ/,/files/ENCFF476IVX/,/files/ENCFF492EUX/,/files/ENCFF526NAR/		ENCBS447TCM,ENCBS328JBR	1,2	1		Homo sapiens	adult	48 years	5-Phenyl-1H-indole-3-acetic acid		1	μM	6	hour				/organisms/human/	/organisms/rice/	/replicates/bd6a88e3-ebbf-4b57-8b62-5159292d2d81/,/replicates/503b273e-3161-4ebd-abef-b957902bd09c/				capped RNA enrichment
/experiments/ENCSR516YGD/	ENCSR516YGD	PRO-cap	PRO-cap	tissue				Homo sapiens adrenal gland tissue female adult (41 years)	adrenal gland		A run-on assay that precisely maps the transcription start sites genome-wide with high sensitivity and specificity in Adrenal gland.	Haiyuan Yu, Cornell	ENCODE	released	/files/ENCFF680XAE/,/files/ENCFF165ZYA/,/files/ENCFF746FDB/,/files/ENCFF397MCM/,/files/ENCFF790BBS/,/files/ENCFF993JCL/,/files/ENCFF788FEG/,/files/ENCFF971HZJ/,/files/ENCFF926OWN/,/files/ENCFF504MMC/,/files/ENCFF602GLU/,/files/ENCFF254YEP/,/files/ENCFF421FSV/,/files/ENCFF912QWV/,/files/ENCFF169VNA/		ENCBS885VYD	1	1,2		Homo sapiens	adult	41 years												/replicates/69ce2e23-4b46-4c83-b17a-a45b7a56c3a3/,/replicates/7221454e-7a03-41b9-b873-f2adaa333429/				capped RNA enrichment
/experiments/ENCSR015HKC/	ENCSR015HKC	PRO-cap	PRO-cap	tissue				Homo sapiens uterus tissue female adult (53 years)	uterus		A run-on assay that precisely maps the transcription start sites genome-wide with high sensitivity and specificity in Uterus.	Haiyuan Yu, Cornell	ENCODE	released	/files/ENCFF093KCW/,/files/ENCFF989GIE/,/files/ENCFF374JHS/,/files/ENCFF768DOF/,/files/ENCFF640PKG/,/files/ENCFF219XVZ/,/files/ENCFF004VSY/,/files/ENCFF121DVZ/,/files/ENCFF195ZRE/,/files/ENCFF107EPE/,/files/ENCFF055SYJ/,/files/ENCFF664FMI/,/files/ENCFF170SHE/,/files/ENCFF104OEZ/,/files/ENCFF222AXA/		ENCBS564CNR	1	1,2		Homo sapiens	adult	53 years												/replicates/6c430c62-73b5-453d-a455-d6a468ffffca/,/replicates/dc30b03a-5a76-467b-920b-75db5efb0e13/				capped RNA enrichment
/experiments/ENCSR359PWL/	ENCSR359PWL	PRO-cap	PRO-cap	cell line				Homo sapiens H9	H9		A run-on assay that precisely maps the transcription start sites genome-wide with high sensitivity and specificity in H9 ESCs.	Haiyuan Yu, Cornell	ENCODE	released	/files/ENCFF418YVQ/,/files/ENCFF545XGG/,/files/ENCFF933GXD/,/files/ENCFF561DGG/,/files/ENCFF445RHG/,/files/ENCFF385WXX/,/files/ENCFF215SMP/,/files/ENCFF005WRA/,/files/ENCFF721JPD/,/files/ENCFF471WQZ/,/files/ENCFF555OVY/,/files/ENCFF856BBT/,/files/ENCFF413JCV/,/files/ENCFF485RRL/,/files/ENCFF535QQD/		ENCBS319XNA,ENCBS799NXG	1,2	1		Homo sapiens	embryonic	5 days												/replicates/50362975-a750-4d4a-86f5-ea324daf4396/,/replicates/f2c79194-85a6-476c-9f20-e2ecfe8c49cc/				capped RNA enrichment
/experiments/ENCSR845TMF/	ENCSR845TMF	PRO-cap	PRO-cap	tissue				Homo sapiens prostate gland tissue male adult (54 years)	prostate gland		A run-on assay that precisely maps the transcription start sites genome-wide with high sensitivity and specificity in Prostate gland.	Haiyuan Yu, Cornell	ENCODE	released	/files/ENCFF626ZDT/,/files/ENCFF560FKQ/,/files/ENCFF841FSA/,/files/ENCFF666FCO/,/files/ENCFF857ROK/,/files/ENCFF738GEJ/,/files/ENCFF626BBW/,/files/ENCFF955PPN/,/files/ENCFF834FXC/,/files/ENCFF147FRR/,/files/ENCFF108BYD/,/files/ENCFF745FEP/,/files/ENCFF351UZK/,/files/ENCFF702TIW/,/files/ENCFF545CZN/		ENCBS029PCI	1	1,2		Homo sapiens	adult	54 years												/replicates/79f493bc-1a45-47f4-9cc8-6b9eee7d525d/,/replicates/157bb3e8-2f11-4720-9a37-c58707f2f631/				capped RNA enrichment
/experiments/ENCSR222JNI/	ENCSR222JNI	PRO-cap	PRO-cap	in vitro differentiated cells				Homo sapiens endothelial cell	endothelial cell		A run-on assay that precisely maps the transcription start sites genome-wide with high sensitivity and specificity in PGP-1 derived endothelial cells.	Haiyuan Yu, Cornell	ENCODE	released	/files/ENCFF635VOH/,/files/ENCFF431VEX/,/files/ENCFF314RSX/,/files/ENCFF642ZTN/,/files/ENCFF047NRE/,/files/ENCFF193OWV/,/files/ENCFF830XHQ/,/files/ENCFF243UAR/,/files/ENCFF396FUP/,/files/ENCFF460FFB/,/files/ENCFF271MHZ/,/files/ENCFF679EAV/,/files/ENCFF601PHI/,/files/ENCFF557RUV/,/files/ENCFF222YME/		ENCBS947AKF,ENCBS451BGO	1,2	1		Homo sapiens	adult	53 years												/replicates/d63202f3-d3b3-47ad-9a89-2d067e24b393/,/replicates/40fc7f08-5185-46b5-9f49-827612ae4eb4/				capped RNA enrichment
/experiments/ENCSR216FUJ/	ENCSR216FUJ	PRO-cap	PRO-cap	tissue				Homo sapiens Metastatic Breast Carcinoma in the Brain tissue female adult (79 years)	Metastatic Breast Carcinoma in the Brain		A run-on assay that precisely maps the transcription start sites genome-wide with high sensitivity and specificity in Metastatic breast cancer to brain.	Haiyuan Yu, Cornell	ENCODE	released	/files/ENCFF209QZH/,/files/ENCFF411GXN/,/files/ENCFF754KIM/,/files/ENCFF012DXF/,/files/ENCFF166JKK/,/files/ENCFF123WWQ/,/files/ENCFF714CZW/,/files/ENCFF719FZG/,/files/ENCFF884MQN/,/files/ENCFF107NKT/,/files/ENCFF860VBH/,/files/ENCFF315JID/,/files/ENCFF264CFT/,/files/ENCFF530MYN/,/files/ENCFF993PWQ/		ENCBS333QSD	1	1,2		Homo sapiens	adult	79 years												/replicates/762409a1-b984-43ec-9bbf-8bfc3a44f739/,/replicates/eec58f64-429d-427f-b16f-20f21d655e4b/				capped RNA enrichment
/experiments/ENCSR889PCF/	ENCSR889PCF	PRO-cap	PRO-cap	tissue				Homo sapiens bile duct tissue female adult (41 years)	bile duct		A run-on assay that precisely maps the transcription start sites genome-wide with high sensitivity and specificity in Bile duct.	Haiyuan Yu, Cornell	ENCODE	released	/files/ENCFF251PNH/,/files/ENCFF934REM/,/files/ENCFF758FDY/,/files/ENCFF695DPS/,/files/ENCFF717LZK/,/files/ENCFF690DFV/,/files/ENCFF911PIH/,/files/ENCFF771NOT/,/files/ENCFF702ALW/,/files/ENCFF241KDX/,/files/ENCFF294YFJ/,/files/ENCFF914XVA/,/files/ENCFF108NST/,/files/ENCFF901GLD/,/files/ENCFF250RGI/,/files/ENCFF727CNE/,/files/ENCFF155ZMQ/,/files/ENCFF736ACD/		ENCBS886UTZ	1	2,1		Homo sapiens	adult	41 years												/replicates/b80d47ad-8c90-4075-812d-d8bf177d4e41/,/replicates/c96b0187-54d2-4076-9a97-3068480dd66a/				capped RNA enrichment
/experiments/ENCSR153AON/	ENCSR153AON	PRO-cap	PRO-cap	tissue				Homo sapiens esophagus squamous epithelium tissue female adult (53 years)	esophagus squamous epithelium		A run-on assay that precisely maps the transcription start sites genome-wide with high sensitivity and specificity in Esophagus squamous epithelium.	Haiyuan Yu, Cornell	ENCODE	released	/files/ENCFF681MOL/,/files/ENCFF579AGZ/,/files/ENCFF306QBU/,/files/ENCFF711CSU/,/files/ENCFF180FRH/,/files/ENCFF337YZQ/,/files/ENCFF893CEU/,/files/ENCFF254XGJ/,/files/ENCFF405ANW/,/files/ENCFF125OLI/,/files/ENCFF238YSG/,/files/ENCFF884SDH/,/files/ENCFF502ETO/,/files/ENCFF835NDO/,/files/ENCFF143JJS/		ENCBS620ERG	1	1,2		Homo sapiens	adult	53 years												/replicates/64889c41-a262-4032-98e9-86943196e1f2/,/replicates/333a7dca-f492-4e0b-82e5-679f35757052/				capped RNA enrichment
/experiments/ENCSR436JXW/	ENCSR436JXW	PRO-cap	PRO-cap	tissue				Homo sapiens Metastatic Breast Carcinoma in the Brain tissue female adult (72 years)	Metastatic Breast Carcinoma in the Brain		A run-on assay that precisely maps the transcription start sites genome-wide with high sensitivity and specificity in Metastatic breast cancer to brain.	Haiyuan Yu, Cornell	ENCODE	released	/files/ENCFF902NNT/,/files/ENCFF112WXK/,/files/ENCFF205DRW/,/files/ENCFF614WHN/,/files/ENCFF622OYR/,/files/ENCFF117QKA/,/files/ENCFF566TEM/,/files/ENCFF354UMX/,/files/ENCFF799POK/,/files/ENCFF972LSK/,/files/ENCFF152XNA/,/files/ENCFF048GTY/,/files/ENCFF867TWQ/,/files/ENCFF779UEK/,/files/ENCFF819ZJV/		ENCBS240WOG	1	2,1		Homo sapiens	adult	72 years												/replicates/e9f0490c-dfdb-4813-b2f1-d748eb614413/,/replicates/a76f2a6f-2e37-424f-ab46-160f136181e1/				capped RNA enrichment
/experiments/ENCSR660UDB/	ENCSR660UDB	PRO-cap	PRO-cap	tissue				Homo sapiens kidney tissue female adult (53 years)	kidney		A run-on assay that precisely maps the transcription start sites genome-wide with high sensitivity and specificity in Kidney.	Haiyuan Yu, Cornell	ENCODE	released	/files/ENCFF707NBU/,/files/ENCFF775MHR/,/files/ENCFF723MOS/,/files/ENCFF119UZZ/,/files/ENCFF063OJO/,/files/ENCFF376ZVJ/,/files/ENCFF390GPP/,/files/ENCFF566GMC/,/files/ENCFF752YFP/,/files/ENCFF471TGJ/,/files/ENCFF909CGL/,/files/ENCFF163OAY/,/files/ENCFF159IQS/,/files/ENCFF455EZD/,/files/ENCFF551SZI/,/files/ENCFF676MDX/,/files/ENCFF229RUH/,/files/ENCFF779UBR/		ENCBS990UCT	1	2,1		Homo sapiens	adult	53 years												/replicates/aa84807d-e246-46c7-b0bd-95b18ad7a7c4/,/replicates/0b213958-c88f-4af1-aae0-d6d8e5014719/				capped RNA enrichment
/experiments/ENCSR235BZZ/	ENCSR235BZZ	PRO-cap	PRO-cap	tissue				Homo sapiens gastrocnemius medialis tissue female adult (53 years)	gastrocnemius medialis		A run-on assay that precisely maps the transcription start sites genome-wide with high sensitivity and specificity in Gastrocnemius medialis.	Haiyuan Yu, Cornell	ENCODE	released	/files/ENCFF054HLX/,/files/ENCFF787EKT/,/files/ENCFF203WFW/,/files/ENCFF433XLO/,/files/ENCFF356IIY/,/files/ENCFF765BHN/,/files/ENCFF719ZVD/,/files/ENCFF571LXV/,/files/ENCFF864XXD/,/files/ENCFF509QWN/,/files/ENCFF306RKQ/,/files/ENCFF849UZN/,/files/ENCFF391ZCG/,/files/ENCFF923CQZ/,/files/ENCFF998LSM/,/files/ENCFF750LDC/,/files/ENCFF439DMK/,/files/ENCFF656JCS/		ENCBS081ZOP	1	2,1		Homo sapiens	adult	53 years												/replicates/49404b49-e768-4f07-94c3-f3b2c7a6a870/,/replicates/9bfe9ac6-0cf6-4478-935d-a8b02822c6fc/				capped RNA enrichment
/experiments/ENCSR216UNW/	ENCSR216UNW	PRO-cap	PRO-cap	tissue				Homo sapiens lower lobe of left lung tissue male adult (37 years)	lower lobe of left lung		A run-on assay that precisely maps the transcription start sites genome-wide with high sensitivity and specificity in Lower lobe of left lung.	Haiyuan Yu, Cornell	ENCODE	released	/files/ENCFF916GSI/,/files/ENCFF567EXR/,/files/ENCFF753VDE/,/files/ENCFF249ZBY/,/files/ENCFF482NSN/,/files/ENCFF974IFB/,/files/ENCFF322NLN/,/files/ENCFF301YDD/,/files/ENCFF831NHA/,/files/ENCFF993DBF/,/files/ENCFF657ATB/,/files/ENCFF822ZGP/,/files/ENCFF245EYN/,/files/ENCFF885EYN/,/files/ENCFF665FIG/,/files/ENCFF995OTA/,/files/ENCFF910ETJ/,/files/ENCFF289PSP/		ENCBS867JXK	1	2,1		Homo sapiens	adult	37 years												/replicates/6577ea18-846f-4d0d-af4b-dd430ce1456f/,/replicates/30d42965-0596-4bf3-8d08-c9bd263f8218/				capped RNA enrichment
/experiments/ENCSR813CRU/	ENCSR813CRU	PRO-cap	PRO-cap	tissue				Homo sapiens Metastatic Breast Carcinoma in the Brain tissue female adult (71 years)	Metastatic Breast Carcinoma in the Brain		A run-on assay that precisely maps the transcription start sites genome-wide with high sensitivity and specificity in Metastatic breast cancer to brain.	Haiyuan Yu, Cornell	ENCODE	released	/files/ENCFF106GFL/,/files/ENCFF692HBM/,/files/ENCFF478YTT/,/files/ENCFF066UYH/,/files/ENCFF109DZI/,/files/ENCFF031FCQ/,/files/ENCFF850XMA/,/files/ENCFF610LFV/,/files/ENCFF166QKH/,/files/ENCFF073WGY/,/files/ENCFF870SVA/,/files/ENCFF816FSG/,/files/ENCFF107ZAZ/,/files/ENCFF021QII/,/files/ENCFF603RSU/		ENCBS446IML	1	2,1		Homo sapiens	adult	71 years												/replicates/11aca28c-d005-453d-bc9a-c28fa0ea3993/,/replicates/634f64c4-f147-439d-a105-0c3aca2108b5/				capped RNA enrichment
/experiments/ENCSR829KWG/	ENCSR829KWG	PRO-cap	PRO-cap	primary cell				Homo sapiens natural killer cell	natural killer cell		A run-on assay that precisely maps the transcription start sites genome-wide with high sensitivity and specificity in NK cells.	Haiyuan Yu, Cornell	ENCODE	released	/files/ENCFF391OHY/,/files/ENCFF766IVI/,/files/ENCFF716DHF/,/files/ENCFF878UUR/,/files/ENCFF213FLM/,/files/ENCFF945FYM/,/files/ENCFF015BWI/,/files/ENCFF415KLD/,/files/ENCFF325AUT/,/files/ENCFF435YKE/,/files/ENCFF150ZVK/,/files/ENCFF427KWJ/,/files/ENCFF718BKN/,/files/ENCFF775DNF/,/files/ENCFF843WJV/,/files/ENCFF201GBY/,/files/ENCFF799WER/,/files/ENCFF040HTO/		ENCBS568UEB	1	2,1		Homo sapiens	unknown													/replicates/46e7b029-3966-4c02-86b4-42b6980a8009/,/replicates/59d6e750-7425-416d-9b6b-d0b36670a1ca/				capped RNA enrichment
/experiments/ENCSR380VKC/	ENCSR380VKC	PRO-cap	PRO-cap	tissue				Homo sapiens heart right ventricle tissue female adult (41 years)	heart right ventricle		A run-on assay that precisely maps the transcription start sites genome-wide with high sensitivity and specificity in Right ventricle of heart.	Haiyuan Yu, Cornell	ENCODE	released	/files/ENCFF676CKD/,/files/ENCFF264KBF/,/files/ENCFF777CHT/,/files/ENCFF165CXM/,/files/ENCFF866NAG/,/files/ENCFF206ADW/,/files/ENCFF007KPF/,/files/ENCFF505GQE/,/files/ENCFF183FGW/,/files/ENCFF467WQV/,/files/ENCFF349XFX/,/files/ENCFF602AWB/,/files/ENCFF434LVH/,/files/ENCFF487OHG/,/files/ENCFF746GWM/,/files/ENCFF405KBC/,/files/ENCFF269DVJ/,/files/ENCFF865WUU/		ENCBS498MDO	1	1,2		Homo sapiens	adult	41 years												/replicates/f7f0e46b-ce88-4b47-ad04-2e9136820d5c/,/replicates/12efbc4d-ed19-42c2-b2f4-07571bd6df91/				capped RNA enrichment
/experiments/ENCSR220XSM/	ENCSR220XSM	PRO-cap	PRO-cap	cell line				Homo sapiens K562	K562	GEO:GSE284853	A run-on assay that precisely maps the transcription start sites genome-wide with high sensitivity and specificity in K562 cells.	Haiyuan Yu, Cornell	ENCODE	released	/files/ENCFF583FVG/,/files/ENCFF155YEA/,/files/ENCFF298PQK/,/files/ENCFF084GIA/,/files/ENCFF191TQL/,/files/ENCFF131OEV/,/files/ENCFF633JKZ/,/files/ENCFF082TEE/,/files/ENCFF850NZE/,/files/ENCFF364CCA/,/files/ENCFF918QKQ/,/files/ENCFF861JFD/,/files/ENCFF051LUE/,/files/ENCFF963WTD/		ENCBS165TOO	1	1,2		Homo sapiens	adult	53 years												/replicates/9938ce82-a8ca-4175-869c-a23bc9174ed2/,/replicates/3f19928c-14fd-4cfc-9f9e-4cec84014941/				capped RNA enrichment
/experiments/ENCSR733DAS/	ENCSR733DAS	PRO-cap	PRO-cap	cell line				Homo sapiens HEK293T genetically modified (insertion) using CRISPR targeting H. sapiens ZNF143 treated with 500 nM dTAGV-1 for 6 hours	HEK293T		A run-on assay that precisely maps the transcription start sites genome-wide with high sensitivity and specificity in ZNF143_T cells.	Haiyuan Yu, Cornell	ENCODE	released	/files/ENCFF186YGS/,/files/ENCFF499CKK/,/files/ENCFF073ULB/,/files/ENCFF148SBV/,/files/ENCFF117UKX/,/files/ENCFF117QMO/,/files/ENCFF188NDA/,/files/ENCFF462XCI/,/files/ENCFF726DCR/,/files/ENCFF603FIP/,/files/ENCFF793MKG/,/files/ENCFF023FGG/,/files/ENCFF399PVP/,/files/ENCFF252RLM/,/files/ENCFF023BDU/		ENCBS868ZCQ,ENCBS997DQU	1,2	1		Homo sapiens	embryonic		dTAGV-1		500	nM	6	hour				/organisms/human/		/replicates/7f776445-0596-4133-9502-0db10d5de6ad/,/replicates/cf2af3e1-5278-469e-98ba-0a5e48bacc99/				capped RNA enrichment
/experiments/ENCSR269FMG/	ENCSR269FMG	PRO-cap	PRO-cap	tissue				Homo sapiens liver tissue female adult (53 years)	liver		A run-on assay that precisely maps the transcription start sites genome-wide with high sensitivity and specificity in Liver.	Haiyuan Yu, Cornell	ENCODE	released	/files/ENCFF041TCH/,/files/ENCFF830ARZ/,/files/ENCFF603GHL/,/files/ENCFF448MZI/,/files/ENCFF135CQS/,/files/ENCFF924AIA/,/files/ENCFF142OJR/,/files/ENCFF063LEB/,/files/ENCFF374PPX/,/files/ENCFF786ZYW/,/files/ENCFF912ZPG/,/files/ENCFF557DCP/,/files/ENCFF776DVD/,/files/ENCFF626MJY/,/files/ENCFF532AWZ/,/files/ENCFF150GPU/,/files/ENCFF788OIB/,/files/ENCFF243TKL/		ENCBS173OFM	1	2,1		Homo sapiens	adult	53 years												/replicates/739e036c-632a-422d-99bf-df429d054a68/,/replicates/ee92260e-75e4-4162-b069-599459601397/				capped RNA enrichment
/experiments/ENCSR995FAO/	ENCSR995FAO	PRO-cap	PRO-cap	tissue				Homo sapiens mucosa of descending colon tissue female adult (61 years)	mucosa of descending colon		A run-on assay that precisely maps the transcription start sites genome-wide with high sensitivity and specificity in Mucosa of descending colon.	Haiyuan Yu, Cornell	ENCODE	released	/files/ENCFF480RJV/,/files/ENCFF687UMZ/,/files/ENCFF217GQL/,/files/ENCFF964HYK/,/files/ENCFF272YWB/,/files/ENCFF824EEG/,/files/ENCFF499WVH/,/files/ENCFF970EPG/,/files/ENCFF136INR/,/files/ENCFF424HXB/,/files/ENCFF812LGP/,/files/ENCFF771SUS/,/files/ENCFF803YYA/,/files/ENCFF399YJU/,/files/ENCFF036QHA/,/files/ENCFF469CSQ/,/files/ENCFF658FAB/,/files/ENCFF197NKL/		ENCBS810KQZ	1	2,1		Homo sapiens	adult	61 years												/replicates/9bbb9d5b-3e47-4489-a5e6-bd32ed825346/,/replicates/009be06e-b00c-4b82-941d-1a3b16642194/				capped RNA enrichment
/experiments/ENCSR443GRP/	ENCSR443GRP	PRO-cap	PRO-cap	in vitro differentiated cells				Homo sapiens endodermal cell	endodermal cell		A run-on assay that precisely maps the transcription start sites genome-wide with high sensitivity and specificity in H9 derived endodermal cells.	Haiyuan Yu, Cornell	ENCODE	released	/files/ENCFF943TAS/,/files/ENCFF664WSZ/,/files/ENCFF289XCE/,/files/ENCFF908UHH/,/files/ENCFF573SRI/,/files/ENCFF740CBL/,/files/ENCFF275IRK/,/files/ENCFF545LQL/,/files/ENCFF920VOE/,/files/ENCFF566OOL/,/files/ENCFF536ZSZ/,/files/ENCFF852MWH/,/files/ENCFF281LQC/,/files/ENCFF673TLQ/,/files/ENCFF049WKL/		ENCBS781YES,ENCBS785TDE	1,2	1		Homo sapiens	embryonic	5 days												/replicates/5cfe8284-2113-4e0f-a69d-12bacfffb0d0/,/replicates/d8437a7f-dba1-41fa-8d21-537903817b29/				capped RNA enrichment
/experiments/ENCSR881RXX/	ENCSR881RXX	PRO-cap	PRO-cap	tissue				Homo sapiens anterior vena cava tissue male adult (62 years)	anterior vena cava		A run-on assay that precisely maps the transcription start sites genome-wide with high sensitivity and specificity in Superior vena cava.	Haiyuan Yu, Cornell	ENCODE	released	/files/ENCFF604NCC/,/files/ENCFF304NNB/,/files/ENCFF125QXH/,/files/ENCFF199PKM/,/files/ENCFF842OVC/,/files/ENCFF094OZK/,/files/ENCFF670GLX/,/files/ENCFF310WPW/,/files/ENCFF987WEX/,/files/ENCFF900BJW/,/files/ENCFF437SIG/,/files/ENCFF668DAG/,/files/ENCFF401LJX/,/files/ENCFF897OUM/,/files/ENCFF829BGE/,/files/ENCFF684VXC/,/files/ENCFF788XUC/,/files/ENCFF072VCB/		ENCBS084ORZ	1	1,2		Homo sapiens	adult	62 years												/replicates/7406e66b-7b20-434d-9574-81d90b500e18/,/replicates/d6eaed85-3859-4e1a-943b-f9dd8466a341/				capped RNA enrichment
/experiments/ENCSR944DTY/	ENCSR944DTY	PRO-cap	PRO-cap	cell line				Homo sapiens SEM	SEM		A run-on assay that precisely maps the transcription start sites genome-wide with high sensitivity and specificity in SEM.	Haiyuan Yu, Cornell	ENCODE	released	/files/ENCFF076NYH/,/files/ENCFF457ZML/,/files/ENCFF900YTH/,/files/ENCFF680KKZ/,/files/ENCFF823CUB/,/files/ENCFF509WJK/,/files/ENCFF724QYX/,/files/ENCFF147SDW/,/files/ENCFF605JOB/,/files/ENCFF629JKB/,/files/ENCFF928RFH/,/files/ENCFF842KLO/,/files/ENCFF130BML/,/files/ENCFF158MYF/,/files/ENCFF862NNB/		ENCBS645MJS,ENCBS198VEB	1,2	1		Homo sapiens	child	5 years												/replicates/7360b15d-f522-41a1-8a4e-7254cb8dce3f/,/replicates/5452ae6f-9b3f-4743-ae16-90e38bf19f2c/				capped RNA enrichment
/experiments/ENCSR270EGA/	ENCSR270EGA	PRO-cap	PRO-cap	tissue				Homo sapiens left cardiac atrium tissue male adult (37 years)	left cardiac atrium		A run-on assay that precisely maps the transcription start sites genome-wide with high sensitivity and specificity in Left atrium of heart.	Haiyuan Yu, Cornell	ENCODE	released	/files/ENCFF469BYF/,/files/ENCFF610RQM/,/files/ENCFF369MRZ/,/files/ENCFF925FHR/,/files/ENCFF885XTM/,/files/ENCFF429DKT/,/files/ENCFF152HGA/,/files/ENCFF035UAQ/,/files/ENCFF764YHM/,/files/ENCFF543BOQ/,/files/ENCFF500ZCW/,/files/ENCFF938EKW/,/files/ENCFF387TLJ/,/files/ENCFF578KDV/,/files/ENCFF518TDL/,/files/ENCFF114TOZ/,/files/ENCFF744NXA/,/files/ENCFF304QVT/		ENCBS905CRV	1	2,1		Homo sapiens	adult	37 years												/replicates/4fc42ac2-9e8c-4d09-815f-f1d8d4a93c7a/,/replicates/c160271c-bbde-44fa-b280-aabe9c7a8618/				capped RNA enrichment
/experiments/ENCSR368ARY/	ENCSR368ARY	PRO-cap	PRO-cap	tissue				Homo sapiens pulmonary artery tissue male adult (62 years)	pulmonary artery		A run-on assay that precisely maps the transcription start sites genome-wide with high sensitivity and specificity in Pulmonary artery.	Haiyuan Yu, Cornell	ENCODE	released	/files/ENCFF804ZOI/,/files/ENCFF869ZPK/,/files/ENCFF365UVD/,/files/ENCFF824ITA/,/files/ENCFF032WDQ/,/files/ENCFF680EEK/,/files/ENCFF132MBH/,/files/ENCFF929GDH/,/files/ENCFF519BME/,/files/ENCFF944RHD/,/files/ENCFF332ABS/,/files/ENCFF220END/,/files/ENCFF399BVF/,/files/ENCFF119UZV/,/files/ENCFF049UKV/,/files/ENCFF754GEH/,/files/ENCFF632EJW/,/files/ENCFF614BDK/		ENCBS094JHH	1	1,2		Homo sapiens	adult	62 years												/replicates/81f85913-0df1-4de3-9d5d-af1b9241f0d9/,/replicates/7283f211-9d1a-4458-84eb-d1a2b59e144f/				capped RNA enrichment
/experiments/ENCSR521BLL/	ENCSR521BLL	PRO-cap	PRO-cap	tissue				Homo sapiens psoas muscle tissue female adult (61 years)	psoas muscle		A run-on assay that precisely maps the transcription start sites genome-wide with high sensitivity and specificity in Psoas muscle.	Haiyuan Yu, Cornell	ENCODE	released	/files/ENCFF217EHF/,/files/ENCFF398WYM/,/files/ENCFF897QZM/,/files/ENCFF670QZN/,/files/ENCFF333QCB/,/files/ENCFF031XOY/,/files/ENCFF102ENU/,/files/ENCFF995DQN/,/files/ENCFF986GRO/,/files/ENCFF767XOW/,/files/ENCFF388XRS/,/files/ENCFF009QAD/,/files/ENCFF667LUJ/,/files/ENCFF667BQQ/,/files/ENCFF231AYF/,/files/ENCFF407XFC/,/files/ENCFF940BEG/,/files/ENCFF903UTX/		ENCBS693ROW	1	2,1		Homo sapiens	adult	61 years												/replicates/8488d6a1-94b3-44d8-a246-3cd75dc7c58a/,/replicates/e7f345ff-7092-4149-a124-949010d09c01/				capped RNA enrichment
/experiments/ENCSR062QYF/	ENCSR062QYF	PRO-cap	PRO-cap	tissue				Homo sapiens cerebellum tissue female adult (43 years)	cerebellum		A run-on assay that precisely maps the transcription start sites genome-wide with high sensitivity and specificity in Cerebellum.	Haiyuan Yu, Cornell	ENCODE	released	/files/ENCFF723KFC/,/files/ENCFF731KWL/,/files/ENCFF696BVQ/,/files/ENCFF345APH/,/files/ENCFF699LVG/,/files/ENCFF672FLM/,/files/ENCFF404XTJ/,/files/ENCFF234FQF/,/files/ENCFF665UPZ/,/files/ENCFF414KBK/,/files/ENCFF839ZEW/,/files/ENCFF812VLT/,/files/ENCFF907RYC/,/files/ENCFF099PYT/,/files/ENCFF387CVL/		ENCBS943RRD	1	1,2		Homo sapiens	adult	43 years												/replicates/252105ae-4c59-4a25-8521-79b11ff464f0/,/replicates/138f3bb7-5ca1-425a-8ed2-0e09636b0576/				capped RNA enrichment
/experiments/ENCSR526XOQ/	ENCSR526XOQ	PRO-cap	PRO-cap	cell line				Homo sapiens NALM6	NALM6		A run-on assay that precisely maps the transcription start sites genome-wide with high sensitivity and specificity in NALM-6.	Haiyuan Yu, Cornell	ENCODE	released	/files/ENCFF903CNV/,/files/ENCFF279MFQ/,/files/ENCFF434BFV/,/files/ENCFF014GTL/,/files/ENCFF110OJX/,/files/ENCFF464ZML/,/files/ENCFF607WXK/,/files/ENCFF705OID/,/files/ENCFF081SCM/,/files/ENCFF027OPK/,/files/ENCFF244HXT/,/files/ENCFF836BOI/,/files/ENCFF172XDH/,/files/ENCFF195CRN/,/files/ENCFF170ETN/		ENCBS997SHK,ENCBS030MHM	1,2	1		Homo sapiens	adult	19 years												/replicates/b21700bb-f976-4b9e-b000-9771cfd07b66/,/replicates/6f173420-6bd4-4c47-bda7-669d685d5eb1/				capped RNA enrichment
/experiments/ENCSR386UFU/	ENCSR386UFU	PRO-cap	PRO-cap	primary cell				Homo sapiens peripheral blood mononuclear cell	peripheral blood mononuclear cell		A run-on assay that precisely maps the transcription start sites genome-wide with high sensitivity and specificity in PBMCs.	Haiyuan Yu, Cornell	ENCODE	released	/files/ENCFF462UFN/,/files/ENCFF628IDL/,/files/ENCFF518JYV/,/files/ENCFF730KUM/,/files/ENCFF011WQP/,/files/ENCFF168OMN/,/files/ENCFF596GEU/,/files/ENCFF490HKM/,/files/ENCFF098YCV/,/files/ENCFF830WCF/,/files/ENCFF519CIQ/,/files/ENCFF358DIN/,/files/ENCFF985LWC/,/files/ENCFF652ZFR/,/files/ENCFF145YXQ/,/files/ENCFF501VTD/,/files/ENCFF815QOH/,/files/ENCFF433VBL/		ENCBS248HHY	1	2,1		Homo sapiens	unknown													/replicates/32bc7f81-b148-43d1-84be-e6223dcd86e1/,/replicates/6b03c2fe-3cc8-4f16-ae06-a06bbe594c2a/				capped RNA enrichment
/experiments/ENCSR795NHV/	ENCSR795NHV	PRO-cap	PRO-cap	primary cell				Homo sapiens peripheral blood mononuclear cell	peripheral blood mononuclear cell		A run-on assay that precisely maps the transcription start sites genome-wide with high sensitivity and specificity in PBMCs.	Haiyuan Yu, Cornell	ENCODE	released	/files/ENCFF737JDH/,/files/ENCFF393APW/,/files/ENCFF492FMM/,/files/ENCFF533SRA/,/files/ENCFF082FIB/,/files/ENCFF544GMN/,/files/ENCFF019UBV/,/files/ENCFF211DCV/,/files/ENCFF100KUJ/,/files/ENCFF093VWW/,/files/ENCFF443RYV/,/files/ENCFF877SDQ/		ENCBS207UUU	1	1		Homo sapiens	unknown													/replicates/ebd8a5e1-c384-4daf-8fe3-713604dc170e/				capped RNA enrichment
/experiments/ENCSR255VLW/	ENCSR255VLW	PRO-cap	PRO-cap	tissue				Homo sapiens jejunum tissue female adult (59 years)	jejunum		A run-on assay that precisely maps the transcription start sites genome-wide with high sensitivity and specificity in Jejunum.	Haiyuan Yu, Cornell	ENCODE	released	/files/ENCFF447GVU/,/files/ENCFF325EAP/,/files/ENCFF085LHG/,/files/ENCFF660BJT/,/files/ENCFF652DGD/,/files/ENCFF020YOU/,/files/ENCFF044OWF/,/files/ENCFF505CBK/,/files/ENCFF759KMR/,/files/ENCFF745JXD/,/files/ENCFF537BCB/,/files/ENCFF480GNS/,/files/ENCFF034XBH/,/files/ENCFF755EHL/,/files/ENCFF338IXA/,/files/ENCFF915FOB/,/files/ENCFF219DZE/,/files/ENCFF587JNP/		ENCBS722JHP	1	1,2		Homo sapiens	adult	59 years												/replicates/115072e8-ee2f-4d0c-baa2-ffe05c046b74/,/replicates/eee7fc96-06a7-4aa9-8b3d-03cc06ecc167/				capped RNA enrichment
/experiments/ENCSR087CGY/	ENCSR087CGY	PRO-cap	PRO-cap	tissue				Homo sapiens ovary tissue female adult (53 years)	ovary		A run-on assay that precisely maps the transcription start sites genome-wide with high sensitivity and specificity in Ovary.	Haiyuan Yu, Cornell	ENCODE	released	/files/ENCFF205XVL/,/files/ENCFF222EAJ/,/files/ENCFF508CCL/,/files/ENCFF405OWF/,/files/ENCFF658EDR/,/files/ENCFF035NBQ/,/files/ENCFF313GWE/,/files/ENCFF161MHZ/,/files/ENCFF799EVP/,/files/ENCFF832OZO/,/files/ENCFF830KEM/,/files/ENCFF465LDD/,/files/ENCFF509HWI/,/files/ENCFF495WZA/,/files/ENCFF959FMR/		ENCBS142ONM	1	1,2		Homo sapiens	adult	53 years												/replicates/87aae134-62a5-40e5-8e06-771e2b408ed8/,/replicates/c7ed7119-beb2-431a-a150-2278f27dafbd/				capped RNA enrichment
/experiments/ENCSR374RDU/	ENCSR374RDU	PRO-cap	PRO-cap	tissue				Homo sapiens breast tissue female adult (52 years)	breast		A run-on assay that precisely maps the transcription start sites genome-wide with high sensitivity and specificity in Breast mammary.	Haiyuan Yu, Cornell	ENCODE	released	/files/ENCFF822MKP/,/files/ENCFF771WCT/,/files/ENCFF544XOE/,/files/ENCFF754CBO/,/files/ENCFF919FZY/,/files/ENCFF658BOA/,/files/ENCFF066YCH/,/files/ENCFF473EHM/,/files/ENCFF279QHT/,/files/ENCFF083RLT/,/files/ENCFF832XLO/,/files/ENCFF918SNL/,/files/ENCFF090SJD/,/files/ENCFF639WNX/,/files/ENCFF042BUS/		ENCBS848NCH	1	2,1		Homo sapiens	adult	52 years												/replicates/639305c0-9c41-4654-a89a-718eca4a4c0c/,/replicates/2d5e78d5-0561-40ee-808c-77a6dcbd3c6a/				capped RNA enrichment
/experiments/ENCSR219IHS/	ENCSR219IHS	PRO-cap	PRO-cap	cell line				Homo sapiens A549	A549		A run-on assay that precisely maps the transcription start sites genome-wide with high sensitivity and specificity in Non-small cell adenocarcinoma cell line.	Haiyuan Yu, Cornell	ENCODE	released	/files/ENCFF828JDF/,/files/ENCFF479QOC/,/files/ENCFF338HWN/,/files/ENCFF273GWP/,/files/ENCFF167IWX/,/files/ENCFF568VWC/,/files/ENCFF113KWI/,/files/ENCFF774WNX/,/files/ENCFF114JYO/,/files/ENCFF547RPM/,/files/ENCFF026ERV/,/files/ENCFF448UVK/,/files/ENCFF010QSO/,/files/ENCFF606DLZ/,/files/ENCFF387QAF/		ENCBS226WXS,ENCBS563TRE	1,2	1		Homo sapiens	adult	58 years												/replicates/679d7d4a-5ed8-4069-bfc8-b03a5e048247/,/replicates/962585fb-58d8-4421-b4ba-44e768fa149e/				capped RNA enrichment
/experiments/ENCSR683YIA/	ENCSR683YIA	PRO-cap	PRO-cap	cell line				Homo sapiens Pfeiffer	Pfeiffer		A run-on assay that precisely maps the transcription start sites genome-wide with high sensitivity and specificity in Pfeiffer.	Haiyuan Yu, Cornell	ENCODE	released	/files/ENCFF746FFU/,/files/ENCFF780HBB/,/files/ENCFF823KQG/,/files/ENCFF556KRV/,/files/ENCFF699HRU/,/files/ENCFF669VEQ/,/files/ENCFF464JXL/,/files/ENCFF596JVT/,/files/ENCFF109SQU/,/files/ENCFF695YCE/,/files/ENCFF237YGT/,/files/ENCFF323NOD/,/files/ENCFF747UBU/		ENCBS691UNM,ENCBS645QTW	1,2	1		Homo sapiens	unknown													/replicates/a261eff5-07ed-4a7c-98e0-740ccbd945a8/,/replicates/c765b1ce-884c-48d1-9ce2-cad8067f5c24/				capped RNA enrichment
/experiments/ENCSR810UBG/	ENCSR810UBG	PRO-cap	PRO-cap	tissue				Homo sapiens Metastatic Breast Carcinoma in the Ovary tissue female adult (48 years)	Metastatic Breast Carcinoma in the Ovary		A run-on assay that precisely maps the transcription start sites genome-wide with high sensitivity and specificity in Metastatic breast cancer to ovary.	Haiyuan Yu, Cornell	ENCODE	released	/files/ENCFF125QEC/,/files/ENCFF758YXG/,/files/ENCFF563JUZ/,/files/ENCFF619MYA/,/files/ENCFF193NFD/,/files/ENCFF050ZHF/,/files/ENCFF501EFV/,/files/ENCFF748KCD/,/files/ENCFF624DBD/		ENCBS116VNU	1	1		Homo sapiens	adult	48 years												/replicates/83b61244-a096-4089-a5a5-312871c2bda9/				capped RNA enrichment
/experiments/ENCSR959JOB/	ENCSR959JOB	PRO-cap	PRO-cap	tissue				Homo sapiens right ventricle myocardium tissue male adult (37 years)	right ventricle myocardium		A run-on assay that precisely maps the transcription start sites genome-wide with high sensitivity and specificity in Right ventricle myocardium inferior of heart.	Haiyuan Yu, Cornell	ENCODE	released	/files/ENCFF319KHO/,/files/ENCFF477KZL/,/files/ENCFF673IWR/,/files/ENCFF362PKZ/,/files/ENCFF395WQW/,/files/ENCFF240GIY/,/files/ENCFF638MSR/,/files/ENCFF389TFK/,/files/ENCFF252YVS/,/files/ENCFF016XWR/,/files/ENCFF382GEN/,/files/ENCFF755RHY/,/files/ENCFF206KMH/,/files/ENCFF661YWR/,/files/ENCFF458QYR/,/files/ENCFF372VAM/,/files/ENCFF497ZLY/,/files/ENCFF395BLO/		ENCBS706QFF	1	1,2		Homo sapiens	adult	37 years												/replicates/05b89323-f602-4c44-b9b4-984c497d798b/,/replicates/a234f1aa-e076-4150-a3e3-90a7543d284c/				capped RNA enrichment
/experiments/ENCSR431OQI/	ENCSR431OQI	PRO-cap	PRO-cap	tissue				Homo sapiens parotid gland tissue	parotid gland		A run-on assay that precisely maps the transcription start sites genome-wide with high sensitivity and specificity in Parotid gland.	Haiyuan Yu, Cornell	ENCODE	released	/files/ENCFF870IUZ/,/files/ENCFF021FBJ/,/files/ENCFF876UJO/,/files/ENCFF805ROC/,/files/ENCFF944WUS/,/files/ENCFF231EXX/,/files/ENCFF097WYG/,/files/ENCFF866IVR/,/files/ENCFF200BGI/,/files/ENCFF664NOR/,/files/ENCFF641MZB/,/files/ENCFF126SCE/,/files/ENCFF484JID/,/files/ENCFF370MUU/,/files/ENCFF689GJG/,/files/ENCFF131KJE/,/files/ENCFF023NYH/,/files/ENCFF029ELQ/		ENCBS010XSF	1	1,2		Homo sapiens	unknown													/replicates/4461056b-4949-4107-a83e-afea182b93d7/,/replicates/3e1b4312-c303-4616-a0cc-5625981cb05b/				capped RNA enrichment
/experiments/ENCSR353JON/	ENCSR353JON	PRO-cap	PRO-cap	tissue				Homo sapiens spinal cord tissue	spinal cord		A run-on assay that precisely maps the transcription start sites genome-wide with high sensitivity and specificity in Spinal cord.	Haiyuan Yu, Cornell	ENCODE	released	/files/ENCFF621YNC/,/files/ENCFF563BPL/,/files/ENCFF348WGN/,/files/ENCFF394HBM/,/files/ENCFF620VXH/,/files/ENCFF014WDF/,/files/ENCFF992RSE/,/files/ENCFF866CIB/,/files/ENCFF132NWK/		ENCBS648XJR	1	1		Homo sapiens	unknown													/replicates/af48d498-fab2-4c18-a326-e58d483068b2/				capped RNA enrichment
/experiments/ENCSR374OGG/	ENCSR374OGG	PRO-cap	PRO-cap	organoid				Homo sapiens pancreas organoid	pancreas		A run-on assay that precisely maps the transcription start sites genome-wide with high sensitivity and specificity in Pancreas.	Haiyuan Yu, Cornell	ENCODE	released	/files/ENCFF654FAL/,/files/ENCFF422DEG/,/files/ENCFF869ELK/,/files/ENCFF121SHN/,/files/ENCFF800XMF/,/files/ENCFF397OIG/,/files/ENCFF029PCE/,/files/ENCFF938PUP/,/files/ENCFF186TCO/,/files/ENCFF826XCM/,/files/ENCFF560LFN/,/files/ENCFF467VRR/,/files/ENCFF294NXS/,/files/ENCFF171MBF/,/files/ENCFF931XMV/,/files/ENCFF502CAR/,/files/ENCFF460JFO/,/files/ENCFF811QWZ/		ENCBS829OTC	1	1,2		Homo sapiens	adult	41 years												/replicates/0adc435a-9b25-45d7-93b1-13d095f86291/,/replicates/4246814d-719d-4c3e-8f26-c226345c348c/				capped RNA enrichment
/experiments/ENCSR528FMA/	ENCSR528FMA	PRO-cap	PRO-cap	primary cell				Homo sapiens helper T cell	helper T cell		A run-on assay that precisely maps the transcription start sites genome-wide with high sensitivity and specificity in Helper T cells.	Haiyuan Yu, Cornell	ENCODE	released	/files/ENCFF635UMN/,/files/ENCFF297JKQ/,/files/ENCFF529BWC/,/files/ENCFF524QKZ/,/files/ENCFF042EXG/,/files/ENCFF381FQX/,/files/ENCFF283SUS/,/files/ENCFF248VWF/,/files/ENCFF742NXX/,/files/ENCFF740MDT/,/files/ENCFF165PWR/,/files/ENCFF792MQK/,/files/ENCFF530RYD/,/files/ENCFF648XOT/,/files/ENCFF636MOU/		ENCBS440NFK	1	1,2		Homo sapiens	unknown													/replicates/77d80c5a-fb08-4423-9643-b20da9e7b3f5/,/replicates/e845ac35-d278-48e5-a23d-1bc698854ee4/				capped RNA enrichment
/experiments/ENCSR500IHG/	ENCSR500IHG	PRO-cap	PRO-cap	tissue				Homo sapiens breast tissue female adult (55 years)	breast		A run-on assay that precisely maps the transcription start sites genome-wide with high sensitivity and specificity in Breast mammary.	Haiyuan Yu, Cornell	ENCODE	released	/files/ENCFF811OJB/,/files/ENCFF145DNB/,/files/ENCFF978YPB/,/files/ENCFF346SMM/,/files/ENCFF528CYX/,/files/ENCFF682CKL/,/files/ENCFF252RUI/,/files/ENCFF902YTQ/,/files/ENCFF990ICA/,/files/ENCFF156KEX/,/files/ENCFF662MRA/,/files/ENCFF247YVG/,/files/ENCFF336UKV/,/files/ENCFF807HEH/,/files/ENCFF027ABL/,/files/ENCFF972RLX/,/files/ENCFF391CNI/,/files/ENCFF562IMH/,/files/ENCFF761JOR/,/files/ENCFF862OLV/,/files/ENCFF053WOB/,/files/ENCFF946OWM/,/files/ENCFF363KIE/,/files/ENCFF605QOR/,/files/ENCFF332ZVC/,/files/ENCFF877MNE/,/files/ENCFF637GNP/		ENCBS207QLO	1	2,1		Homo sapiens	adult	55 years												/replicates/bc561d85-e6b3-4470-b08e-c7dd38d82460/,/replicates/612b19e9-0367-4220-b2a4-be854962fea9/				capped RNA enrichment
/experiments/ENCSR098LLB/	ENCSR098LLB	PRO-cap	PRO-cap	primary cell				Homo sapiens endothelial cell of umbilical vein male newborn	endothelial cell of umbilical vein	GEO:GSE219457	A run-on assay that precisely maps the transcription start sites genome-wide with high sensitivity and specificity in HUVEC.	Haiyuan Yu, Cornell	ENCODE	released	/files/ENCFF329AWA/,/files/ENCFF357RQL/,/files/ENCFF241MRX/,/files/ENCFF190IRB/,/files/ENCFF230SIB/,/files/ENCFF425WJV/,/files/ENCFF394GCC/,/files/ENCFF508GKB/,/files/ENCFF889RME/,/files/ENCFF381GHG/,/files/ENCFF813ICU/,/files/ENCFF786BFT/,/files/ENCFF122NQB/,/files/ENCFF931HXJ/,/files/ENCFF844SCF/,/files/ENCFF573EBA/,/files/ENCFF299UHX/,/files/ENCFF261GXH/,/files/ENCFF807QNT/,/files/ENCFF257CBC/,/files/ENCFF993QTP/,/files/ENCFF255ZWB/		ENCBS161BVI	1	1		Homo sapiens	newborn													/replicates/1fbbc0a0-336d-45f5-af3d-6433e11d2108/				capped RNA enrichment
/experiments/ENCSR046BCI/	ENCSR046BCI	PRO-cap	PRO-cap	cell line				Homo sapiens A673	A673	GEO:GSE219383	A run-on assay that precisely maps the transcription start sites genome-wide with high sensitivity and specificity in A673.	Haiyuan Yu, Cornell	ENCODE	released	/files/ENCFF453IUR/,/files/ENCFF412AKS/,/files/ENCFF997TIG/,/files/ENCFF365PEC/,/files/ENCFF668SUK/,/files/ENCFF050GZN/,/files/ENCFF696UNL/,/files/ENCFF596YSI/,/files/ENCFF634RDL/,/files/ENCFF455EDE/,/files/ENCFF489SUX/,/files/ENCFF590KNZ/,/files/ENCFF349OYZ/,/files/ENCFF121DPX/,/files/ENCFF728PUD/,/files/ENCFF873TEZ/,/files/ENCFF047AKH/,/files/ENCFF395TST/,/files/ENCFF919OPH/,/files/ENCFF925SLM/,/files/ENCFF367BRG/,/files/ENCFF868YKU/,/files/ENCFF707IDB/,/files/ENCFF821CMX/,/files/ENCFF045MXI/,/files/ENCFF268UEL/,/files/ENCFF740EAO/,/files/ENCFF348RJF/,/files/ENCFF312ZXL/,/files/ENCFF057PMO/,/files/ENCFF073OZF/,/files/ENCFF162JVO/,/files/ENCFF418SHY/,/files/ENCFF280DDJ/,/files/ENCFF771KSZ/,/files/ENCFF862PQN/,/files/ENCFF456VRM/,/files/ENCFF524UQW/,/files/ENCFF174DWO/		ENCBS841YGY,ENCBS975LBZ	1,2	1		Homo sapiens	child	15 years												/replicates/472095d2-9d43-4459-9fbc-8c4bdf3d93de/,/replicates/d7fd8164-cc5e-4487-8f0e-d978d3b3251c/				capped RNA enrichment
/experiments/ENCSR935RNW/	ENCSR935RNW	PRO-cap	PRO-cap	cell line				Homo sapiens Calu3	Calu3	GEO:GSE219926	A run-on assay that precisely maps the transcription start sites genome-wide with high sensitivity and specificity in CALU3.	Haiyuan Yu, Cornell	ENCODE	released	/files/ENCFF499QFZ/,/files/ENCFF725QKR/,/files/ENCFF260NZD/,/files/ENCFF738ANF/,/files/ENCFF936VIW/,/files/ENCFF330QAO/,/files/ENCFF630HAF/,/files/ENCFF226MDQ/,/files/ENCFF956EQV/,/files/ENCFF585UOU/,/files/ENCFF671MMN/,/files/ENCFF057MGW/,/files/ENCFF819VDW/,/files/ENCFF982XOO/,/files/ENCFF437HJL/,/files/ENCFF870EOB/,/files/ENCFF188MUX/,/files/ENCFF120AZC/,/files/ENCFF057WPU/,/files/ENCFF979DPW/,/files/ENCFF107MGL/,/files/ENCFF199SAQ/,/files/ENCFF696YJX/,/files/ENCFF504IFB/,/files/ENCFF129VIM/		ENCBS974LON,ENCBS842EEJ	1,2	1		Homo sapiens	adult	25 years												/replicates/bd36f932-6769-42f9-ad87-85e89891c222/,/replicates/d6ba968f-193b-45df-8eac-20993503a221/				capped RNA enrichment
/experiments/ENCSR799DGV/	ENCSR799DGV	PRO-cap	PRO-cap	cell line				Homo sapiens MCF 10A	MCF 10A	GEO:GSE219758	A run-on assay that precisely maps the transcription start sites genome-wide with high sensitivity and specificity in MCF10A.	Haiyuan Yu, Cornell	ENCODE	released	/files/ENCFF144YUC/,/files/ENCFF604OKL/,/files/ENCFF143ZAC/,/files/ENCFF751WUI/,/files/ENCFF835QLS/,/files/ENCFF896PXD/,/files/ENCFF807MAJ/,/files/ENCFF767ZDR/,/files/ENCFF990IGY/,/files/ENCFF078SVW/,/files/ENCFF535VFO/,/files/ENCFF342YWD/,/files/ENCFF123ORK/,/files/ENCFF966SIN/,/files/ENCFF010CAI/,/files/ENCFF074ZFW/,/files/ENCFF227BQW/,/files/ENCFF463RFT/,/files/ENCFF704RON/,/files/ENCFF114DBY/,/files/ENCFF566EAN/,/files/ENCFF221GWZ/,/files/ENCFF952WWA/,/files/ENCFF572ZPQ/,/files/ENCFF478BHR/,/files/ENCFF875PER/		ENCBS296FKB,ENCBS834CIE	1,2	1		Homo sapiens	adult	36 years												/replicates/d89e772f-e9fc-4ebb-ae1b-73980b38fec1/,/replicates/e2d6d69a-2f37-4545-81b8-d9fe41616fef/				capped RNA enrichment
/experiments/ENCSR261KBX/	ENCSR261KBX	PRO-cap	PRO-cap	cell line				Homo sapiens K562	K562	GEO:GSE219647	CoPRO experiment. A run-on assay was performed on captured nascent RNA with cap state selection. In this experiment, only capped nascent RNA was selected and PCR amplification was performed before sequencing.	John Lis, Cornell	ENCODE	released	/files/ENCFF888KHD/,/files/ENCFF840EHW/,/files/ENCFF271IZL/,/files/ENCFF773HMC/,/files/ENCFF896ZWJ/,/files/ENCFF009HEI/,/files/ENCFF877SQU/,/files/ENCFF663UAN/,/files/ENCFF253HUA/,/files/ENCFF328OOU/,/files/ENCFF994CSC/,/files/ENCFF636REV/,/files/ENCFF580QEK/,/files/ENCFF819CPA/		ENCBS167SHL,ENCBS784DDT	1,2	1		Homo sapiens	adult	53 years												/replicates/11bc31dd-259d-4189-95cd-679cd4020a01/,/replicates/6737b809-fa70-4742-874d-113dec998ff3/				capped RNA enrichment
/experiments/ENCSR100LIJ/	ENCSR100LIJ	PRO-cap	PRO-cap	cell line				Homo sapiens Caco-2	Caco-2	GEO:GSE219461	A run-on assay that precisely maps the transcription start sites genome-wide with high sensitivity and specificity in CACO2.	Haiyuan Yu, Cornell	ENCODE	released	/files/ENCFF594DTA/,/files/ENCFF669OMY/,/files/ENCFF039OZP/,/files/ENCFF900WVT/,/files/ENCFF978AVM/,/files/ENCFF557LXL/,/files/ENCFF477BQK/,/files/ENCFF725CZI/,/files/ENCFF389WZQ/,/files/ENCFF017JZW/,/files/ENCFF294OQK/,/files/ENCFF274DDH/,/files/ENCFF396MZI/,/files/ENCFF814YZW/,/files/ENCFF929UBR/,/files/ENCFF123UWE/,/files/ENCFF877BMU/,/files/ENCFF148FGJ/,/files/ENCFF320FTM/,/files/ENCFF635VJZ/,/files/ENCFF790ZZN/,/files/ENCFF174MJP/,/files/ENCFF417PHG/,/files/ENCFF396ZCG/,/files/ENCFF380RCN/		ENCBS344ACZ,ENCBS568BYI	1,2	1		Homo sapiens	adult	72 years												/replicates/697ef40d-2020-41ae-aa39-e614ad956d5d/,/replicates/4adc132b-415a-4130-9d21-dcd0ca5da69d/				capped RNA enrichment
